/*
SQLyog Ultimate v11.24 (32 bit)
MySQL - 5.5.9 : Database - zhtframework
*********************************************************************
*/

/*!40101 SET NAMES utf8 */;

/*!40101 SET SQL_MODE=''*/;

/*!40014 SET @OLD_UNIQUE_CHECKS=@@UNIQUE_CHECKS, UNIQUE_CHECKS=0 */;
/*!40014 SET @OLD_FOREIGN_KEY_CHECKS=@@FOREIGN_KEY_CHECKS, FOREIGN_KEY_CHECKS=0 */;
/*!40101 SET @OLD_SQL_MODE=@@SQL_MODE, SQL_MODE='NO_AUTO_VALUE_ON_ZERO' */;
/*!40111 SET @OLD_SQL_NOTES=@@SQL_NOTES, SQL_NOTES=0 */;
/*Table structure for table `demo_user` */

DROP TABLE IF EXISTS `demo_user`;

CREATE TABLE `demo_user` (
  `id` bigint(20) NOT NULL AUTO_INCREMENT,
  `date` date DEFAULT NULL,
  `description` varchar(30) NOT NULL,
  `enabled` bit(1) NOT NULL,
  `full_time` datetime DEFAULT NULL,
  `loginname` varchar(60) NOT NULL,
  `password` varchar(60) NOT NULL,
  `time_only` time DEFAULT NULL,
  `time_stamp` datetime DEFAULT NULL,
  PRIMARY KEY (`id`),
  UNIQUE KEY `UK_t9ehegotddnmogclyd5ch25xr` (`loginname`)
) ENGINE=InnoDB DEFAULT CHARSET=utf8;

/*Data for the table `demo_user` */

/*Table structure for table `demo_user_2` */

DROP TABLE IF EXISTS `demo_user_2`;

CREATE TABLE `demo_user_2` (
  `id` bigint(20) NOT NULL AUTO_INCREMENT,
  `date` date DEFAULT NULL,
  `description` varchar(30) NOT NULL,
  `enabled` bit(1) NOT NULL,
  `full_time` datetime DEFAULT NULL,
  `loginname` varchar(60) NOT NULL,
  `password` varchar(60) NOT NULL,
  `time_only` time DEFAULT NULL,
  `time_stamp` datetime DEFAULT NULL,
  PRIMARY KEY (`id`),
  UNIQUE KEY `UK_5r2h5l2lmx0p2mpaa8n8nbd0o` (`loginname`)
) ENGINE=InnoDB DEFAULT CHARSET=utf8;

/*Data for the table `demo_user_2` */

/*Table structure for table `info_personinfo` */

DROP TABLE IF EXISTS `info_personinfo`;

CREATE TABLE `info_personinfo` (
  `personId` bigint(20) NOT NULL,
  `cardTypeCode` varchar(3) DEFAULT NULL,
  `EMAIL` varchar(50) DEFAULT NULL,
  `famPostcalCode` varchar(6) DEFAULT NULL,
  `famTelephone` varchar(15) DEFAULT NULL,
  `famillyAddress` varchar(50) DEFAULT NULL,
  `genderCode` varchar(5) NOT NULL,
  `isMarried` int(11) DEFAULT NULL,
  `mobilePhone` varchar(15) DEFAULT NULL,
  `MSN` varchar(50) DEFAULT NULL,
  `nameSpell` varchar(60) DEFAULT NULL,
  `nationId` bigint(20) DEFAULT NULL,
  `nativeCity` varchar(30) DEFAULT NULL,
  `nativeCounty` varchar(30) DEFAULT NULL,
  `nativeProvince` varchar(20) DEFAULT NULL,
  `peopleId` bigint(20) DEFAULT NULL,
  `perAddress` varchar(50) DEFAULT NULL,
  `perBirthday` date DEFAULT NULL,
  `perEnglishName` varchar(60) DEFAULT NULL,
  `perIdCard` varchar(18) DEFAULT NULL,
  `perName` varchar(50) NOT NULL,
  `perNum` varchar(20) NOT NULL,
  `perPostalCode` varchar(6) DEFAULT NULL,
  `perTelephone` varchar(20) DEFAULT NULL,
  PRIMARY KEY (`personId`)
) ENGINE=InnoDB DEFAULT CHARSET=utf8;

/*Data for the table `info_personinfo` */

/*Table structure for table `rbac_group` */

DROP TABLE IF EXISTS `rbac_group`;

CREATE TABLE `rbac_group` (
  `id` bigint(20) NOT NULL AUTO_INCREMENT,
  `create_time` datetime DEFAULT NULL,
  `briefname` varchar(30) DEFAULT NULL,
  `description` varchar(60) DEFAULT NULL,
  `enabled` bit(1) NOT NULL,
  `name` varchar(30) NOT NULL,
  `creater` varchar(30) DEFAULT NULL,
  `rbac_group_id` bigint(20) DEFAULT NULL,
  `rbac_role_id` bigint(20) DEFAULT NULL,
  `parent_id` bigint(20) DEFAULT NULL,
  PRIMARY KEY (`id`),
  KEY `FK_kwgco1fnx3ufdttlfaxyb67o3` (`rbac_group_id`),
  KEY `FK_r6qungqkes8wu8b9cx5l3rvcn` (`rbac_role_id`),
  KEY `FK_n6ua1pidq1wl6rnvh4g66y43t` (`parent_id`),
  CONSTRAINT `FK_kwgco1fnx3ufdttlfaxyb67o3` FOREIGN KEY (`rbac_group_id`) REFERENCES `rbac_group` (`id`),
  CONSTRAINT `FK_n6ua1pidq1wl6rnvh4g66y43t` FOREIGN KEY (`parent_id`) REFERENCES `rbac_group` (`id`),
  CONSTRAINT `FK_r6qungqkes8wu8b9cx5l3rvcn` FOREIGN KEY (`rbac_role_id`) REFERENCES `rbac_role` (`id`)
) ENGINE=InnoDB AUTO_INCREMENT=9 DEFAULT CHARSET=utf8;

/*Data for the table `rbac_group` */

insert  into `rbac_group`(`id`,`create_time`,`briefname`,`description`,`enabled`,`name`,`creater`,`rbac_group_id`,`rbac_role_id`,`parent_id`) values (6,'2015-03-30 16:08:55',NULL,'','','AAA','AAA',NULL,NULL,NULL),(7,'2015-03-30 16:11:39',NULL,'','','AAAAA','ssss',NULL,NULL,6),(8,'2015-04-01 10:28:15',NULL,'','','VVV','VVV',NULL,NULL,7);

/*Table structure for table `rbac_group_role` */

DROP TABLE IF EXISTS `rbac_group_role`;

CREATE TABLE `rbac_group_role` (
  `id` bigint(20) NOT NULL AUTO_INCREMENT,
  `rbac_group_id` bigint(20) DEFAULT NULL,
  `rbac_role_id` bigint(20) DEFAULT NULL,
  PRIMARY KEY (`id`),
  KEY `FK_4vjgjkn2be1qo20gu3wiwl1it` (`rbac_group_id`),
  KEY `FK_70ok1ehn84gavlujb11svnx0n` (`rbac_role_id`),
  CONSTRAINT `FK_4vjgjkn2be1qo20gu3wiwl1it` FOREIGN KEY (`rbac_group_id`) REFERENCES `rbac_group` (`id`),
  CONSTRAINT `FK_70ok1ehn84gavlujb11svnx0n` FOREIGN KEY (`rbac_role_id`) REFERENCES `rbac_role` (`id`)
) ENGINE=InnoDB AUTO_INCREMENT=7 DEFAULT CHARSET=utf8;

/*Data for the table `rbac_group_role` */

/*Table structure for table `rbac_group_user` */

DROP TABLE IF EXISTS `rbac_group_user`;

CREATE TABLE `rbac_group_user` (
  `id` bigint(20) NOT NULL AUTO_INCREMENT,
  `rbac_group_id` bigint(20) DEFAULT NULL,
  `rbac_user_id` bigint(20) DEFAULT NULL,
  PRIMARY KEY (`id`),
  KEY `FK_67ks4n9atg55gn76yef48u84p` (`rbac_group_id`),
  KEY `FK_5ut3lud8anq3fj19cbkwe8mj` (`rbac_user_id`),
  CONSTRAINT `FK_5ut3lud8anq3fj19cbkwe8mj` FOREIGN KEY (`rbac_user_id`) REFERENCES `rbac_user` (`id`),
  CONSTRAINT `FK_67ks4n9atg55gn76yef48u84p` FOREIGN KEY (`rbac_group_id`) REFERENCES `rbac_group` (`id`)
) ENGINE=InnoDB AUTO_INCREMENT=4 DEFAULT CHARSET=utf8;

/*Data for the table `rbac_group_user` */

/*Table structure for table `rbac_menu` */

DROP TABLE IF EXISTS `rbac_menu`;

CREATE TABLE `rbac_menu` (
  `id` bigint(20) NOT NULL AUTO_INCREMENT,
  `description` varchar(60) DEFAULT NULL,
  `dis_index` int(11) DEFAULT NULL,
  `display` varchar(40) NOT NULL,
  `iconCls` varchar(40) NOT NULL,
  `tab_title` varchar(40) DEFAULT NULL,
  `type` varchar(1) DEFAULT NULL,
  `parent_id` bigint(20) DEFAULT NULL,
  `module_id` bigint(20) DEFAULT NULL,
  `permission_id` bigint(20) DEFAULT NULL,
  PRIMARY KEY (`id`),
  KEY `FK_ju6jky12gr1by7l33ovxjsq9v` (`parent_id`),
  KEY `FK_1rnf48c8w233wo383tap4tk65` (`module_id`),
  KEY `FK_byhoy18k197a1p7pietbfkdb4` (`permission_id`),
  CONSTRAINT `FK_1rnf48c8w233wo383tap4tk65` FOREIGN KEY (`module_id`) REFERENCES `rbac_module` (`id`),
  CONSTRAINT `FK_byhoy18k197a1p7pietbfkdb4` FOREIGN KEY (`permission_id`) REFERENCES `rbac_permission` (`id`),
  CONSTRAINT `FK_ju6jky12gr1by7l33ovxjsq9v` FOREIGN KEY (`parent_id`) REFERENCES `rbac_menu` (`id`)
) ENGINE=InnoDB AUTO_INCREMENT=11 DEFAULT CHARSET=utf8;

/*Data for the table `rbac_menu` */

insert  into `rbac_menu`(`id`,`description`,`dis_index`,`display`,`iconCls`,`tab_title`,`type`,`parent_id`,`module_id`,`permission_id`) values (1,'权限管理',1,'权限管理','icon-add','','G',NULL,1,NULL),(2,'许可维护',2,'许可维护','','许可维护','M',1,1,8),(3,'资源维护',1,'资源维护','','资源维护','M',1,1,2),(4,'角色维护',3,'角色维护','','角色维护','M',1,1,14),(5,'用户维护',4,'用户维护','','用户维护','M',1,1,17),(6,'用户组维护',5,'用户组维护','','用户组维护','M',1,1,15),(7,'部门维护',6,'部门维护','','部门维护','M',1,1,16),(8,'代码生成',7,'代码生成','','代码生成','M',1,1,18),(9,'代码生成2',8,'代码生成2','','代码生成2','M',1,1,19),(10,'系统管理',2,'系统管理','','系统管理','G',NULL,1,NULL);

/*Table structure for table `rbac_module` */

DROP TABLE IF EXISTS `rbac_module`;

CREATE TABLE `rbac_module` (
  `id` bigint(20) NOT NULL AUTO_INCREMENT,
  `dis_index` int(11) NOT NULL,
  `display` varchar(32) NOT NULL,
  `enabled` tinyint(1) NOT NULL DEFAULT '1',
  `icon` varchar(20) DEFAULT NULL,
  `remark` varchar(30) DEFAULT NULL,
  PRIMARY KEY (`id`)
) ENGINE=InnoDB AUTO_INCREMENT=3 DEFAULT CHARSET=utf8;

/*Data for the table `rbac_module` */

insert  into `rbac_module`(`id`,`dis_index`,`display`,`enabled`,`icon`,`remark`) values (1,0,'模块1',1,NULL,'模块1'),(2,1,'模块2',1,NULL,'模块2');

/*Table structure for table `rbac_module_menu` */

DROP TABLE IF EXISTS `rbac_module_menu`;

CREATE TABLE `rbac_module_menu` (
  `id` bigint(20) NOT NULL AUTO_INCREMENT,
  `rbac_menu_id` bigint(20) DEFAULT NULL,
  `rbac_module_id` bigint(20) DEFAULT NULL,
  PRIMARY KEY (`id`),
  KEY `FK_lnmh36m9o9o3fkjltvck7bim8` (`rbac_menu_id`),
  KEY `FK_65qssxay1k00rjngexjdt09f5` (`rbac_module_id`),
  CONSTRAINT `FK_65qssxay1k00rjngexjdt09f5` FOREIGN KEY (`rbac_module_id`) REFERENCES `rbac_module` (`id`),
  CONSTRAINT `FK_lnmh36m9o9o3fkjltvck7bim8` FOREIGN KEY (`rbac_menu_id`) REFERENCES `rbac_menu` (`id`)
) ENGINE=InnoDB DEFAULT CHARSET=utf8;

/*Data for the table `rbac_module_menu` */

/*Table structure for table `rbac_permission` */

DROP TABLE IF EXISTS `rbac_permission`;

CREATE TABLE `rbac_permission` (
  `id` bigint(20) NOT NULL AUTO_INCREMENT,
  `code` varchar(128) NOT NULL,
  `description` varchar(60) DEFAULT NULL,
  `enabled` bit(1) NOT NULL,
  `name` varchar(40) NOT NULL,
  `type` varchar(1) NOT NULL,
  `url` varchar(255) NOT NULL,
  PRIMARY KEY (`id`),
  UNIQUE KEY `UK_3v94kwepfosn7jqeo9hluid6f` (`code`)
) ENGINE=InnoDB AUTO_INCREMENT=93 DEFAULT CHARSET=utf8;

/*Data for the table `rbac_permission` */

insert  into `rbac_permission`(`id`,`code`,`description`,`enabled`,`name`,`type`,`url`) values (2,'enterResourcePage','资源维护资源维护资源维护资源维护资源维护','','资源维护','M','rbac/resource/enterResourcePage'),(8,'enterPermissionPage','权限维护','','权限维护','M','rbac/permission/enterPermissionPage'),(14,'enterRolePage','角色维护','','角色维护','M','rbac/role/enterRolePage'),(15,'enterGroupPage','用户组维护','','用户组维护','M','rbac/group/enterGroupPage'),(16,'enterDepartmentPage','部门维护','','部门维护','M','rbac/sysDepartment/enterDepartmentPage'),(17,'enterUserPage','用户维护','','用户维护','M','rbac/user/enterUserPage'),(18,'enterGenEntityPage','代码生成','','代码生成','M','common/generator/genEntity/enterGenEntityPage'),(19,'enterEntityPage','代码生成2','','代码生成2','M','generator/genEntity/enterEntityPage'),(23,'RbacGroup:addGroup',NULL,'','SCAN','P','/rbac/group/addGroup'),(24,'RbacGroup:loadRoleGridForGroupRoleAssign',NULL,'','SCAN','P','/rbac/group/loadRoleGridForGroupRoleAssign'),(25,'RbacGroup:loadUserGridForUserAssign',NULL,'','SCAN','P','/rbac/group/loadUserGridForUserAssign'),(26,'RbacGroup:loadGroupCombotree',NULL,'','SCAN','P','/rbac/group/loadGroupCombotree'),(27,'RbacGroup:removeRolesFromGroupRole',NULL,'','SCAN','P','/rbac/group/removeRolesFromGroupRole'),(28,'RbacGroup:removeUserFromGroup',NULL,'','SCAN','P','/rbac/group/removeUserFromGroup'),(29,'RbacGroup:addRolesToGroupRole',NULL,'','SCAN','P','/rbac/group/addRolesToGroupRole'),(30,'RbacGroup:loadGroupTreeGrid',NULL,'','SCAN','P','/rbac/group/loadGroupTreeGrid'),(31,'RbacGroup:enterRoleAssignment',NULL,'','SCAN','P','/rbac/group/enterRoleAssignment'),(32,'RbacGroup:enterUserAssignment',NULL,'','SCAN','P','/rbac/group/enterUserAssignment'),(33,'RbacGroup:addUserToGroup',NULL,'','SCAN','P','/rbac/group/addUserToGroup'),(34,'RbacGroup:enterAddGroup',NULL,'','SCAN','P','/rbac/group/enterAddGroup'),(35,'RbacGroup:enterGroupPage',NULL,'','SCAN','P','/rbac/group/enterGroupPage'),(36,'RbacGroup:enterEidtGroup',NULL,'','SCAN','P','/rbac/group/enterEidtGroup'),(37,'RbacGroup:updateGroup',NULL,'','SCAN','P','/rbac/group/updateGroup'),(38,'RbacGroup:deleteGroup',NULL,'','SCAN','P','/rbac/group/deleteGroup'),(39,'RbacPermission:addPermission',NULL,'','SCAN','P','/rbac/permission/addPermission'),(40,'RbacPermission:loadPermissionGridView',NULL,'','SCAN','P','/rbac/permission/loadPermissionGridView'),(41,'RbacPermission:enterAddPermission',NULL,'','SCAN','P','/rbac/permission/enterAddPermission'),(42,'RbacPermission:enterUpdatePermission',NULL,'','SCAN','P','/rbac/permission/enterUpdatePermission'),(43,'RbacPermission:enterPermissionPage',NULL,'','SCAN','P','/rbac/permission/enterPermissionPage'),(44,'RbacPermission:deletePermission',NULL,'','SCAN','P','/rbac/permission/deletePermission'),(45,'RbacPermission:updatePermission',NULL,'','SCAN','P','/rbac/permission/updatePermission'),(46,'RbacRole:addRole',NULL,'','SCAN','P','/rbac/role/addRole'),(47,'RbacRole:loadPermissionForRoleAssign',NULL,'','SCAN','P','/rbac/role/loadPermissionForRoleAssign'),(48,'RbacRole:removePermissionsFromRole',NULL,'','SCAN','P','/rbac/role/removePermissionsFromRole'),(49,'RbacRole:enterPermissionAssignment',NULL,'','SCAN','P','/rbac/role/enterPermissionAssignment'),(50,'RbacRole:addPermissionsToRole',NULL,'','SCAN','P','/rbac/role/addPermissionsToRole'),(51,'RbacRole:enterAddRole',NULL,'','SCAN','P','/rbac/role/enterAddRole'),(52,'RbacRole:updateRole',NULL,'','SCAN','P','/rbac/role/updateRole'),(53,'RbacRole:loadRoleGridView',NULL,'','SCAN','P','/rbac/role/loadRoleGridView'),(54,'RbacRole:deleteRole',NULL,'','SCAN','P','/rbac/role/deleteRole'),(55,'RbacRole:enterRolePage',NULL,'','SCAN','P','/rbac/role/enterRolePage'),(56,'RbacRole:enterUpdateRole',NULL,'','SCAN','P','/rbac/role/enterUpdateRole'),(57,'RbacUser:addPermissionsToUserPermission',NULL,'','SCAN','P','/rbac/user/addPermissionsToUserPermission'),(58,'RbacUser:removeRolesFromUserRoleReject',NULL,'','SCAN','P','/rbac/user/removeRolesFromUserRoleReject'),(59,'RbacUser:enterUserPermissionAssignment',NULL,'','SCAN','P','/rbac/user/enterUserPermissionAssignment'),(60,'RbacUser:loadRoleGridForUserRoleAssign',NULL,'','SCAN','P','/rbac/user/loadRoleGridForUserRoleAssign'),(61,'RbacUser:loadRoleCodeUserHaveForCombox',NULL,'','SCAN','P','/rbac/user/loadRoleCodeUserHaveForCombox'),(62,'RbacUser:addUser',NULL,'','SCAN','P','/rbac/user/addUser'),(63,'RbacUser:addPermissionsToUserPermissionReject',NULL,'','SCAN','P','/rbac/user/addPermissionsToUserPermissionReject'),(64,'RbacUser:removePermissionsFromUserPermission',NULL,'','SCAN','P','/rbac/user/removePermissionsFromUserPermission'),(65,'RbacUser:removePermissionsFromUserPermissionReject',NULL,'','SCAN','P','/rbac/user/removePermissionsFromUserPermissionReject'),(66,'RbacUser:loadPermissionGridForUserPermissionAssign',NULL,'','SCAN','P','/rbac/user/loadPermissionGridForUserPermissionAssign'),(67,'RbacUser:removeRolesFromUserRole',NULL,'','SCAN','P','/rbac/user/removeRolesFromUserRole'),(68,'RbacUser:addRolesToUserRoleReject',NULL,'','SCAN','P','/rbac/user/addRolesToUserRoleReject'),(69,'RbacUser:addRolesToUserRole',NULL,'','SCAN','P','/rbac/user/addRolesToUserRole'),(70,'RbacUser:enterRoleAssignment',NULL,'','SCAN','P','/rbac/user/enterRoleAssignment'),(71,'RbacUser:loadUserGridView',NULL,'','SCAN','P','/rbac/user/loadUserGridView'),(72,'RbacUser:enterUpdateUser',NULL,'','SCAN','P','/rbac/user/enterUpdateUser'),(73,'RbacUser:updateUser',NULL,'','SCAN','P','/rbac/user/updateUser'),(74,'RbacUser:enterAddUser',NULL,'','SCAN','P','/rbac/user/enterAddUser'),(75,'RbacUser:enterUserPage',NULL,'','SCAN','P','/rbac/user/enterUserPage'),(76,'RbacUser:deleteUser',NULL,'','SCAN','P','/rbac/user/deleteUser'),(77,'SysDepartment:addRolesToSysDepartmentRole',NULL,'','SCAN','P','/rbac/sysDepartment/addRolesToSysDepartmentRole'),(78,'SysDepartment:removeRolesFromSysDepartmentRole',NULL,'','SCAN','P','/rbac/sysDepartment/removeRolesFromSysDepartmentRole'),(79,'SysDepartment:removeUserFromSysDepartment',NULL,'','SCAN','P','/rbac/sysDepartment/removeUserFromSysDepartment'),(80,'SysDepartment:loadSysDepartmentTreeGrid',NULL,'','SCAN','P','/rbac/sysDepartment/loadSysDepartmentTreeGrid'),(81,'SysDepartment:loadSysDepartmentCombotree',NULL,'','SCAN','P','/rbac/sysDepartment/loadSysDepartmentCombotree'),(82,'SysDepartment:loadRoleGridForSysDepartmentRoleAssign',NULL,'','SCAN','P','/rbac/sysDepartment/loadRoleGridForSysDepartmentRoleAssign'),(83,'SysDepartment:loadUserGridViewIsInSysDepartment',NULL,'','SCAN','P','/rbac/sysDepartment/loadUserGridViewIsInSysDepartment'),(84,'SysDepartment:addUserToSysDepartment',NULL,'','SCAN','P','/rbac/sysDepartment/addUserToSysDepartment'),(85,'SysDepartment:deleteSysDepartment',NULL,'','SCAN','P','/rbac/sysDepartment/deleteSysDepartment'),(86,'SysDepartment:enterRoleAssignment',NULL,'','SCAN','P','/rbac/sysDepartment/enterRoleAssignment'),(87,'SysDepartment:enterUserAssignment',NULL,'','SCAN','P','/rbac/sysDepartment/enterUserAssignment'),(88,'SysDepartment:enterAddSysDepartment',NULL,'','SCAN','P','/rbac/sysDepartment/enterAddSysDepartment'),(89,'SysDepartment:enterEidtSysDepartment',NULL,'','SCAN','P','/rbac/sysDepartment/enterEidtSysDepartment'),(90,'SysDepartment:enterSysDepartmentPage',NULL,'','SCAN','P','/rbac/sysDepartment/enterSysDepartmentPage'),(91,'SysDepartment:updateSysDepartment',NULL,'','SCAN','P','/rbac/sysDepartment/updateSysDepartment'),(92,'SysDepartment:addSysDepartment',NULL,'','SCAN','P','/rbac/sysDepartment/addSysDepartment');

/*Table structure for table `rbac_role` */

DROP TABLE IF EXISTS `rbac_role`;

CREATE TABLE `rbac_role` (
  `id` bigint(20) NOT NULL AUTO_INCREMENT,
  `code` varchar(40) NOT NULL,
  `description` varchar(60) DEFAULT NULL,
  `enabled` bit(1) NOT NULL,
  `name` varchar(40) NOT NULL,
  PRIMARY KEY (`id`),
  UNIQUE KEY `UK_i1vjocjdvpqum2aihn4e7g9f0` (`code`)
) ENGINE=InnoDB AUTO_INCREMENT=29 DEFAULT CHARSET=utf8 COMMENT='角色';

/*Data for the table `rbac_role` */

insert  into `rbac_role`(`id`,`code`,`description`,`enabled`,`name`) values (1,'admin','admin','','管理员');

/*Table structure for table `rbac_role_permission` */

DROP TABLE IF EXISTS `rbac_role_permission`;

CREATE TABLE `rbac_role_permission` (
  `id` bigint(20) NOT NULL AUTO_INCREMENT,
  `permission_id` bigint(20) DEFAULT NULL,
  `role_id` bigint(20) DEFAULT NULL,
  PRIMARY KEY (`id`),
  KEY `FK_plmmpet3fn54pbdvqxdi46pjn` (`permission_id`),
  KEY `FK_4u42et26qiarjienjpr2fxark` (`role_id`),
  CONSTRAINT `FK_4u42et26qiarjienjpr2fxark` FOREIGN KEY (`role_id`) REFERENCES `rbac_role` (`id`),
  CONSTRAINT `FK_plmmpet3fn54pbdvqxdi46pjn` FOREIGN KEY (`permission_id`) REFERENCES `rbac_permission` (`id`)
) ENGINE=InnoDB AUTO_INCREMENT=163 DEFAULT CHARSET=utf8;

/*Data for the table `rbac_role_permission` */

insert  into `rbac_role_permission`(`id`,`permission_id`,`role_id`) values (36,16,1),(37,19,1),(38,18,1),(39,15,1),(40,8,1),(41,2,1),(42,14,1),(43,17,1),(44,23,1),(45,29,1),(46,33,1),(47,38,1),(48,34,1),(49,36,1),(50,35,1),(51,31,1),(52,32,1),(53,26,1),(54,30,1),(55,24,1),(56,25,1),(57,27,1),(58,28,1),(59,37,1),(60,39,1),(61,44,1),(62,41,1),(63,43,1),(64,42,1),(65,40,1),(66,45,1),(67,50,1),(68,46,1),(69,54,1),(70,51,1),(71,49,1),(72,55,1),(73,56,1),(74,47,1),(75,53,1),(76,48,1),(77,52,1),(78,57,1),(79,63,1),(80,69,1),(81,68,1),(82,62,1),(83,76,1),(84,74,1),(85,70,1),(86,72,1),(87,75,1),(88,59,1),(89,66,1),(90,61,1),(91,60,1),(92,71,1),(93,64,1),(94,65,1),(95,67,1),(96,58,1),(97,73,1),(98,77,1),(99,92,1),(100,84,1),(101,85,1),(102,88,1),(103,89,1),(104,86,1),(105,90,1),(106,87,1),(107,82,1),(108,81,1),(109,80,1),(110,83,1),(111,78,1),(112,79,1),(113,91,1);

/*Table structure for table `rbac_user` */

DROP TABLE IF EXISTS `rbac_user`;

CREATE TABLE `rbac_user` (
  `id` bigint(20) NOT NULL AUTO_INCREMENT,
  `accountNonExpired` bit(1) NOT NULL,
  `accountNonLocked` bit(1) NOT NULL,
  `alias` varchar(30) DEFAULT NULL,
  `credentialsNonExpired` bit(1) NOT NULL,
  `description` varchar(30) DEFAULT NULL,
  `enabled` bit(1) NOT NULL,
  `password` varchar(36) DEFAULT NULL,
  `salt` varchar(70) DEFAULT NULL,
  `defaultRoleId` bigint(20) DEFAULT NULL,
  `userName` varchar(30) NOT NULL,
  PRIMARY KEY (`id`),
  UNIQUE KEY `UK_by5js5d3ceusq6w4xth38hck2` (`userName`),
  KEY `FK_eob4je1x1u4dxljrmxpb5ob6t` (`defaultRoleId`),
  CONSTRAINT `FK_eob4je1x1u4dxljrmxpb5ob6t` FOREIGN KEY (`defaultRoleId`) REFERENCES `rbac_role` (`id`)
) ENGINE=InnoDB AUTO_INCREMENT=27 DEFAULT CHARSET=utf8 COMMENT='用户';

/*Data for the table `rbac_user` */

insert  into `rbac_user`(`id`,`accountNonExpired`,`accountNonLocked`,`alias`,`credentialsNonExpired`,`description`,`enabled`,`password`,`salt`,`defaultRoleId`,`userName`) values (1,'\0','\0',NULL,'\0','admin','','692662a239ff966411a04d3284e09629','3296315903979458szaisRTKzxqLFfcMf5mkS',1,'admin'),(2,'\0','\0',NULL,'\0','shiro','','fcebae64f7eb438d32e4b2acaa32e7b0','344311410257492LwjFqXdDLnqkpnK9zYuVya',NULL,'shiro');

/*Table structure for table `rbac_user_permission` */

DROP TABLE IF EXISTS `rbac_user_permission`;

CREATE TABLE `rbac_user_permission` (
  `id` bigint(20) NOT NULL AUTO_INCREMENT,
  `rbac_rbacPermission_id` bigint(20) DEFAULT NULL,
  `rbac_user_id` bigint(20) DEFAULT NULL,
  PRIMARY KEY (`id`),
  KEY `FK_q4h1nse4qsyxgusi9ne1v173w` (`rbac_rbacPermission_id`),
  KEY `FK_6vwcup29h9982xq2uux8g7g35` (`rbac_user_id`),
  CONSTRAINT `FK_6vwcup29h9982xq2uux8g7g35` FOREIGN KEY (`rbac_user_id`) REFERENCES `rbac_user` (`id`),
  CONSTRAINT `FK_q4h1nse4qsyxgusi9ne1v173w` FOREIGN KEY (`rbac_rbacPermission_id`) REFERENCES `rbac_permission` (`id`)
) ENGINE=InnoDB AUTO_INCREMENT=14 DEFAULT CHARSET=utf8;

/*Data for the table `rbac_user_permission` */

/*Table structure for table `rbac_user_permission_reject` */

DROP TABLE IF EXISTS `rbac_user_permission_reject`;

CREATE TABLE `rbac_user_permission_reject` (
  `id` bigint(20) NOT NULL AUTO_INCREMENT,
  `rbac_rbacPermission_id` bigint(20) DEFAULT NULL,
  `rbac_user_id` bigint(20) DEFAULT NULL,
  PRIMARY KEY (`id`),
  KEY `FK_1q1w7amolu1eyibmpni2wk60u` (`rbac_rbacPermission_id`),
  KEY `FK_9aa640a758snmr0l0u6lot1wt` (`rbac_user_id`),
  CONSTRAINT `FK_1q1w7amolu1eyibmpni2wk60u` FOREIGN KEY (`rbac_rbacPermission_id`) REFERENCES `rbac_permission` (`id`),
  CONSTRAINT `FK_9aa640a758snmr0l0u6lot1wt` FOREIGN KEY (`rbac_user_id`) REFERENCES `rbac_user` (`id`)
) ENGINE=InnoDB AUTO_INCREMENT=4 DEFAULT CHARSET=utf8;

/*Data for the table `rbac_user_permission_reject` */

/*Table structure for table `rbac_user_role` */

DROP TABLE IF EXISTS `rbac_user_role`;

CREATE TABLE `rbac_user_role` (
  `id` bigint(20) NOT NULL AUTO_INCREMENT,
  `rbac_role_id` bigint(20) DEFAULT NULL,
  `rbac_user_id` bigint(20) DEFAULT NULL,
  PRIMARY KEY (`id`),
  KEY `FK_9qxtkrj9nmr62hbtctm59dnyb` (`rbac_role_id`),
  KEY `FK_mbg62g47x0agpnj6yx80knkow` (`rbac_user_id`),
  CONSTRAINT `FK_mbg62g47x0agpnj6yx80knkow` FOREIGN KEY (`rbac_user_id`) REFERENCES `rbac_user` (`id`),
  CONSTRAINT `FK_9qxtkrj9nmr62hbtctm59dnyb` FOREIGN KEY (`rbac_role_id`) REFERENCES `rbac_role` (`id`)
) ENGINE=InnoDB AUTO_INCREMENT=3 DEFAULT CHARSET=utf8;

/*Data for the table `rbac_user_role` */

insert  into `rbac_user_role`(`id`,`rbac_role_id`,`rbac_user_id`) values (2,1,1);

/*Table structure for table `rbac_user_role_reject` */

DROP TABLE IF EXISTS `rbac_user_role_reject`;

CREATE TABLE `rbac_user_role_reject` (
  `id` bigint(20) NOT NULL AUTO_INCREMENT,
  `rbac_role_id` bigint(20) DEFAULT NULL,
  `rbac_user_id` bigint(20) DEFAULT NULL,
  PRIMARY KEY (`id`),
  KEY `FK_nkq0sogimaefmruvfxlo4lvsu` (`rbac_role_id`),
  KEY `FK_4mow4hknv27f583d32cyayy5c` (`rbac_user_id`),
  CONSTRAINT `FK_4mow4hknv27f583d32cyayy5c` FOREIGN KEY (`rbac_user_id`) REFERENCES `rbac_user` (`id`),
  CONSTRAINT `FK_nkq0sogimaefmruvfxlo4lvsu` FOREIGN KEY (`rbac_role_id`) REFERENCES `rbac_role` (`id`)
) ENGINE=InnoDB DEFAULT CHARSET=utf8;

/*Data for the table `rbac_user_role_reject` */

/*Table structure for table `sys_department` */

DROP TABLE IF EXISTS `sys_department`;

CREATE TABLE `sys_department` (
  `id` bigint(20) NOT NULL AUTO_INCREMENT,
  `create_time` datetime DEFAULT NULL,
  `creater` varchar(30) DEFAULT NULL,
  `description` varchar(60) DEFAULT NULL,
  `enabled` bit(1) NOT NULL,
  `name` varchar(30) NOT NULL,
  `parent_id` bigint(20) DEFAULT NULL,
  PRIMARY KEY (`id`),
  KEY `FK_bsv9wlrnmw7p10eor0h6brdb` (`parent_id`),
  CONSTRAINT `FK_bsv9wlrnmw7p10eor0h6brdb` FOREIGN KEY (`parent_id`) REFERENCES `sys_department` (`id`)
) ENGINE=InnoDB DEFAULT CHARSET=utf8;

/*Data for the table `sys_department` */

/*Table structure for table `sys_department_role` */

DROP TABLE IF EXISTS `sys_department_role`;

CREATE TABLE `sys_department_role` (
  `id` bigint(20) NOT NULL AUTO_INCREMENT,
  `rbac_role_id` bigint(20) DEFAULT NULL,
  `sys_department_id` bigint(20) DEFAULT NULL,
  PRIMARY KEY (`id`),
  KEY `FK_25dylyw4dqxaoauabfbu7l6r7` (`rbac_role_id`),
  KEY `FK_9hbq0p0a7mf8x7hq5r99i2rhy` (`sys_department_id`),
  CONSTRAINT `FK_25dylyw4dqxaoauabfbu7l6r7` FOREIGN KEY (`rbac_role_id`) REFERENCES `rbac_role` (`id`),
  CONSTRAINT `FK_9hbq0p0a7mf8x7hq5r99i2rhy` FOREIGN KEY (`sys_department_id`) REFERENCES `sys_department` (`id`)
) ENGINE=InnoDB DEFAULT CHARSET=utf8;

/*Data for the table `sys_department_role` */

/*Table structure for table `sys_department_user` */

DROP TABLE IF EXISTS `sys_department_user`;

CREATE TABLE `sys_department_user` (
  `id` bigint(20) NOT NULL AUTO_INCREMENT,
  `sys_department_id` bigint(20) DEFAULT NULL,
  `rbac_user_id` bigint(20) DEFAULT NULL,
  PRIMARY KEY (`id`),
  KEY `FK_p5erns42mww82w9u9t498rwcy` (`sys_department_id`),
  KEY `FK_6qll1xgf8uyv6buuv81w026o2` (`rbac_user_id`),
  CONSTRAINT `FK_6qll1xgf8uyv6buuv81w026o2` FOREIGN KEY (`rbac_user_id`) REFERENCES `rbac_user` (`id`),
  CONSTRAINT `FK_p5erns42mww82w9u9t498rwcy` FOREIGN KEY (`sys_department_id`) REFERENCES `sys_department` (`id`)
) ENGINE=InnoDB DEFAULT CHARSET=utf8;

/*Data for the table `sys_department_user` */

/*Table structure for table `user` */

DROP TABLE IF EXISTS `user`;

CREATE TABLE `user` (
  `id` bigint(20) NOT NULL AUTO_INCREMENT,
  `description` varchar(32) DEFAULT 'xxxx',
  `enabled` bit(1) NOT NULL,
  `full_time` datetime DEFAULT NULL,
  `loginname` varchar(60) NOT NULL,
  `password` varchar(60) NOT NULL,
  `start_date` date DEFAULT NULL,
  `start_time` time DEFAULT NULL,
  PRIMARY KEY (`id`),
  UNIQUE KEY `UK_i3rcdsc1j905jadocmdj4ikyq` (`loginname`)
) ENGINE=InnoDB DEFAULT CHARSET=utf8;

/*Data for the table `user` */

/*Table structure for table `zht_entity_detail` */

DROP TABLE IF EXISTS `zht_entity_detail`;

CREATE TABLE `zht_entity_detail` (
  `id` bigint(20) NOT NULL AUTO_INCREMENT,
  `M2O_O2O_DisplayField` varchar(60) DEFAULT NULL,
  `column_definition` varchar(30) DEFAULT NULL,
  `columnName` varchar(60) DEFAULT NULL,
  `condtionDisplay` varchar(30) DEFAULT NULL,
  `display_z` varchar(30) DEFAULT NULL,
  `editType` varchar(30) DEFAULT NULL,
  `isList` bit(1) DEFAULT NULL,
  `isLookUpDisplay` bit(1) DEFAULT NULL,
  `isQueryCondtion` bit(1) DEFAULT NULL,
  `isSorter` bit(1) DEFAULT NULL,
  `isTreeProperty` bit(1) DEFAULT NULL,
  `length_z` int(11) DEFAULT NULL,
  `lookUpType` varchar(30) DEFAULT NULL,
  `nullable_z` bit(1) DEFAULT NULL,
  `precision_z` int(11) DEFAULT NULL,
  `propertyName` varchar(100) DEFAULT NULL,
  `propertyType` varchar(100) DEFAULT NULL,
  `queryType` varchar(30) DEFAULT NULL,
  `relationType` varchar(30) DEFAULT NULL,
  `scale_z` int(11) DEFAULT NULL,
  `simpleFormat` varchar(100) DEFAULT NULL,
  `table_name` varchar(30) DEFAULT NULL,
  `unique_z` bit(1) DEFAULT NULL,
  `validateContent` varchar(30) DEFAULT NULL,
  `genEntity_id` bigint(20) DEFAULT NULL,
  `lineWidth` int(11) DEFAULT NULL,
  `columnWidth` int(11) DEFAULT NULL,
  `editContent` varchar(100) DEFAULT NULL,
  `editFinalContentStr` longtext,
  `validateType` varchar(30) DEFAULT NULL,
  PRIMARY KEY (`id`),
  KEY `FK_8jd92sxjd2jmutxlsu5yei1np` (`genEntity_id`),
  CONSTRAINT `FK_8jd92sxjd2jmutxlsu5yei1np` FOREIGN KEY (`genEntity_id`) REFERENCES `zht_gen_entity` (`id`)
) ENGINE=InnoDB AUTO_INCREMENT=216 DEFAULT CHARSET=utf8;

/*Data for the table `zht_entity_detail` */

insert  into `zht_entity_detail`(`id`,`M2O_O2O_DisplayField`,`column_definition`,`columnName`,`condtionDisplay`,`display_z`,`editType`,`isList`,`isLookUpDisplay`,`isQueryCondtion`,`isSorter`,`isTreeProperty`,`length_z`,`lookUpType`,`nullable_z`,`precision_z`,`propertyName`,`propertyType`,`queryType`,`relationType`,`scale_z`,`simpleFormat`,`table_name`,`unique_z`,`validateContent`,`genEntity_id`,`lineWidth`,`columnWidth`,`editContent`,`editFinalContentStr`,`validateType`) values (1,NULL,NULL,'dis_index',NULL,NULL,NULL,NULL,NULL,NULL,NULL,NULL,255,NULL,'\0',19,'disIndex','integer',NULL,'property',2,NULL,'rbac_module','\0',NULL,1,NULL,NULL,NULL,NULL,NULL),(2,NULL,NULL,'display',NULL,NULL,NULL,NULL,NULL,NULL,NULL,NULL,32,NULL,'\0',19,'display','string',NULL,'property',2,NULL,'rbac_module','',NULL,1,NULL,NULL,NULL,NULL,NULL),(3,NULL,NULL,'enabled',NULL,NULL,NULL,NULL,NULL,NULL,NULL,NULL,255,NULL,'\0',19,'enabled','boolean',NULL,'property',2,NULL,'rbac_module','\0',NULL,1,NULL,NULL,NULL,NULL,NULL),(4,NULL,NULL,'icon',NULL,NULL,NULL,NULL,NULL,NULL,NULL,NULL,20,NULL,'',19,'icon','string',NULL,'property',2,NULL,'rbac_module','\0',NULL,1,NULL,NULL,NULL,NULL,NULL),(5,NULL,NULL,NULL,NULL,NULL,NULL,NULL,NULL,NULL,NULL,NULL,NULL,NULL,NULL,NULL,'rbacMenus','Set',NULL,'OneToMany',NULL,NULL,'rbac_module',NULL,NULL,1,NULL,NULL,NULL,NULL,NULL),(6,NULL,NULL,'remark',NULL,NULL,NULL,NULL,NULL,NULL,NULL,NULL,30,NULL,'',19,'remark','string',NULL,'property',2,NULL,'rbac_module','\0',NULL,1,NULL,NULL,NULL,NULL,NULL),(7,NULL,NULL,'date',NULL,NULL,NULL,NULL,NULL,NULL,NULL,NULL,255,NULL,'',19,'date','date',NULL,'property',2,NULL,'demo_user','\0',NULL,2,NULL,NULL,NULL,NULL,NULL),(8,NULL,NULL,'description',NULL,NULL,NULL,NULL,NULL,NULL,NULL,NULL,30,NULL,'\0',19,'description','string',NULL,'property',2,NULL,'demo_user','\0',NULL,2,NULL,NULL,NULL,NULL,NULL),(9,NULL,NULL,'enabled',NULL,NULL,NULL,NULL,NULL,NULL,NULL,NULL,255,NULL,'\0',19,'enabled','boolean',NULL,'property',2,NULL,'demo_user','\0',NULL,2,NULL,NULL,NULL,NULL,NULL),(10,NULL,NULL,'full_time',NULL,NULL,NULL,NULL,NULL,NULL,NULL,NULL,255,NULL,'',19,'fullTime','timestamp',NULL,'property',2,NULL,'demo_user','\0',NULL,2,NULL,NULL,NULL,NULL,NULL),(11,NULL,NULL,'loginname',NULL,NULL,NULL,NULL,NULL,NULL,NULL,NULL,60,NULL,'\0',19,'loginname','string',NULL,'property',2,NULL,'demo_user','',NULL,2,NULL,NULL,NULL,NULL,NULL),(12,NULL,NULL,'password',NULL,NULL,NULL,NULL,NULL,NULL,NULL,NULL,60,NULL,'\0',19,'password','string',NULL,'property',2,NULL,'demo_user','\0',NULL,2,NULL,NULL,NULL,NULL,NULL),(13,NULL,NULL,'time_only',NULL,NULL,NULL,NULL,NULL,NULL,NULL,NULL,255,NULL,'',19,'timeOnly','time',NULL,'property',2,NULL,'demo_user','\0',NULL,2,NULL,NULL,NULL,NULL,NULL),(14,NULL,NULL,'time_stamp',NULL,NULL,NULL,NULL,NULL,NULL,NULL,NULL,255,NULL,'',19,'timestamp','timestamp',NULL,'property',2,NULL,'demo_user','\0',NULL,2,NULL,NULL,NULL,NULL,NULL),(15,NULL,NULL,'date',NULL,NULL,NULL,NULL,NULL,NULL,NULL,NULL,255,NULL,'',19,'date','date',NULL,'property',2,NULL,'demo_user_2','\0',NULL,3,NULL,NULL,NULL,NULL,NULL),(16,NULL,NULL,'description',NULL,NULL,NULL,NULL,NULL,NULL,NULL,NULL,30,NULL,'\0',19,'description','string',NULL,'property',2,NULL,'demo_user_2','\0',NULL,3,NULL,NULL,NULL,NULL,NULL),(17,NULL,NULL,'enabled',NULL,NULL,NULL,NULL,NULL,NULL,NULL,NULL,255,NULL,'\0',19,'enabled','boolean',NULL,'property',2,NULL,'demo_user_2','\0',NULL,3,NULL,NULL,NULL,NULL,NULL),(18,NULL,NULL,'full_time',NULL,NULL,NULL,NULL,NULL,NULL,NULL,NULL,255,NULL,'',19,'fullTime','timestamp',NULL,'property',2,NULL,'demo_user_2','\0',NULL,3,NULL,NULL,NULL,NULL,NULL),(19,NULL,NULL,'loginname',NULL,NULL,NULL,NULL,NULL,NULL,NULL,NULL,60,NULL,'\0',19,'loginname','string',NULL,'property',2,NULL,'demo_user_2','',NULL,3,NULL,NULL,NULL,NULL,NULL),(20,NULL,NULL,'password',NULL,NULL,NULL,NULL,NULL,NULL,NULL,NULL,60,NULL,'\0',19,'password','string',NULL,'property',2,NULL,'demo_user_2','\0',NULL,3,NULL,NULL,NULL,NULL,NULL),(21,NULL,NULL,'time_only',NULL,NULL,NULL,NULL,NULL,NULL,NULL,NULL,255,NULL,'',19,'timeOnly','time',NULL,'property',2,NULL,'demo_user_2','\0',NULL,3,NULL,NULL,NULL,NULL,NULL),(22,NULL,NULL,'time_stamp',NULL,NULL,NULL,NULL,NULL,NULL,NULL,NULL,255,NULL,'',19,'timestamp','timestamp',NULL,'property',2,NULL,'demo_user_2','\0',NULL,3,NULL,NULL,NULL,NULL,NULL),(23,NULL,NULL,NULL,NULL,NULL,NULL,NULL,NULL,NULL,NULL,NULL,NULL,NULL,NULL,NULL,'childRbacMenus','Set',NULL,'OneToMany',NULL,NULL,'rbac_menu',NULL,NULL,4,NULL,NULL,NULL,NULL,NULL),(24,NULL,NULL,'description',NULL,NULL,NULL,NULL,NULL,NULL,NULL,NULL,60,NULL,'',19,'description','string',NULL,'property',2,NULL,'rbac_menu','\0',NULL,4,NULL,NULL,NULL,NULL,NULL),(25,NULL,NULL,'dis_index',NULL,NULL,NULL,NULL,NULL,NULL,NULL,NULL,255,NULL,'',19,'disIndex','integer',NULL,'property',2,NULL,'rbac_menu','\0',NULL,4,NULL,NULL,NULL,NULL,NULL),(26,NULL,NULL,'display',NULL,NULL,NULL,NULL,NULL,NULL,NULL,NULL,40,NULL,'\0',19,'display','string',NULL,'property',2,NULL,'rbac_menu','\0',NULL,4,NULL,NULL,NULL,NULL,NULL),(27,NULL,NULL,'iconCls',NULL,NULL,NULL,NULL,NULL,NULL,NULL,NULL,40,NULL,'\0',19,'iconCls','string',NULL,'property',2,NULL,'rbac_menu','\0',NULL,4,NULL,NULL,NULL,NULL,NULL),(28,NULL,NULL,'parent_id',NULL,NULL,NULL,NULL,NULL,NULL,NULL,NULL,255,NULL,'',19,'parentRbacMenu','RbacMenu',NULL,'ManyToOne',2,NULL,'rbac_menu','\0',NULL,4,NULL,NULL,NULL,NULL,NULL),(29,NULL,NULL,'module_id',NULL,NULL,NULL,NULL,NULL,NULL,NULL,NULL,255,NULL,'',19,'rbacModule','RbacModule',NULL,'ManyToOne',2,NULL,'rbac_menu','\0',NULL,4,NULL,NULL,NULL,NULL,NULL),(30,NULL,NULL,'permission_id',NULL,NULL,NULL,NULL,NULL,NULL,NULL,NULL,255,NULL,'',19,'rbacPermission','RbacPermission',NULL,'ManyToOne',2,NULL,'rbac_menu','\0',NULL,4,NULL,NULL,NULL,NULL,NULL),(31,NULL,NULL,'tab_title',NULL,NULL,NULL,NULL,NULL,NULL,NULL,NULL,40,NULL,'',19,'tabTitle','string',NULL,'property',2,NULL,'rbac_menu','\0',NULL,4,NULL,NULL,NULL,NULL,NULL),(32,NULL,NULL,'type',NULL,NULL,NULL,NULL,NULL,NULL,NULL,NULL,1,NULL,'',19,'type','string',NULL,'property',2,NULL,'rbac_menu','\0',NULL,4,NULL,NULL,NULL,NULL,NULL),(33,NULL,NULL,NULL,NULL,NULL,NULL,NULL,NULL,NULL,NULL,NULL,NULL,NULL,NULL,NULL,'childRbacResources','Set',NULL,'OneToMany',NULL,NULL,'rbac_resource',NULL,NULL,5,NULL,NULL,NULL,NULL,NULL),(34,NULL,NULL,'description',NULL,NULL,NULL,NULL,NULL,NULL,NULL,NULL,40,NULL,'',19,'description','string',NULL,'property',2,NULL,'rbac_resource','\0',NULL,5,NULL,NULL,NULL,NULL,NULL),(35,NULL,NULL,'dis_index',NULL,NULL,NULL,NULL,NULL,NULL,NULL,NULL,255,NULL,'',19,'disIndex','integer',NULL,'property',2,NULL,'rbac_resource','\0',NULL,5,NULL,NULL,NULL,NULL,NULL),(36,NULL,NULL,'icon',NULL,NULL,NULL,NULL,NULL,NULL,NULL,NULL,10,NULL,'',19,'icon','string',NULL,'property',2,NULL,'rbac_resource','\0',NULL,5,NULL,NULL,NULL,NULL,NULL),(37,NULL,NULL,'name',NULL,NULL,NULL,NULL,NULL,NULL,NULL,NULL,40,NULL,'\0',19,'name','string',NULL,'property',2,NULL,'rbac_resource','\0',NULL,5,NULL,NULL,NULL,NULL,NULL),(38,NULL,NULL,'parent_id',NULL,NULL,NULL,NULL,NULL,NULL,NULL,NULL,255,NULL,'',19,'parentRbacResource','RbacResource',NULL,'ManyToOne',2,NULL,'rbac_resource','\0',NULL,5,NULL,NULL,NULL,NULL,NULL),(39,NULL,NULL,NULL,NULL,NULL,NULL,NULL,NULL,NULL,NULL,NULL,NULL,NULL,NULL,NULL,'rbacPermissions','Set',NULL,'OneToMany',NULL,NULL,'rbac_resource',NULL,NULL,5,NULL,NULL,NULL,NULL,NULL),(40,NULL,NULL,NULL,NULL,NULL,NULL,NULL,NULL,NULL,NULL,NULL,NULL,NULL,NULL,NULL,'SysDepartRoles','Set',NULL,'OneToMany',NULL,NULL,'sys_department',NULL,NULL,6,NULL,NULL,NULL,NULL,NULL),(41,NULL,NULL,NULL,NULL,NULL,NULL,NULL,NULL,NULL,NULL,NULL,NULL,NULL,NULL,NULL,'childSysDepartments','Set',NULL,'OneToMany',NULL,NULL,'sys_department',NULL,NULL,6,NULL,NULL,NULL,NULL,NULL),(42,'',NULL,'create_time','text','创建时间','date','',NULL,'\0','','\0',255,'','\0',19,'createTime','timestamp','','property',2,'','sys_department','\0',NULL,6,NULL,100,'','<input type=\"text\" name=\"createTime\" value=\"${createTime}\"  class=\"easyui-datebox\"  data-options=\" required:true\"/>','text'),(43,'',NULL,'creater','text','创建者','text','',NULL,'','',NULL,30,'','\0',19,'creater','string','','property',2,'','sys_department','\0',NULL,6,NULL,100,'','<input type=\"text\" name=\"creater\" value=\"${creater}\"  class=\"easyui-validatebox textbox\"  data-options=\" required:true, validType:\'length[0,30]\'\"/>','text'),(44,'',NULL,'description','text','描述','textarea','',NULL,'\0','\0',NULL,60,'','\0',19,'description','string','','property',2,'','sys_department','\0',NULL,6,NULL,120,'rows:3,cols:20','<textarea name=\"description\" value=\"${description}\"  rows=\"3\" cols=\"20\"  class=\"easyui-validatebox textbox\"  data-options=\" required:true, validType:\'length[0,60]\'\"></textarea>','text'),(45,'',NULL,'enabled','text','是否启用','select','',NULL,'','','\0',255,'','\0',19,'enabled','boolean','=','property',2,'','sys_department','\0',NULL,6,NULL,60,'(true-是),(false-否)','<select  name=\"enabled\" class=\"easyui-combobox\"   data-options=\" required:true\"><option value=\"true\" <c:if test=\"${enabled eq true }\">selected=\'selected\' </c:if> >是</option><option value=\"false\" <c:if test=\"${enabled eq false }\">selected=\'selected\' </c:if> >否</option></select>','text'),(46,'',NULL,'name','text','部门名称','text','',NULL,'','','\0',30,'','\0',19,'name','string','LIKE','property',2,'','sys_department','',NULL,6,NULL,120,'','<input type=\"text\" name=\"name\" value=\"${name}\"  class=\"easyui-validatebox textbox\"  data-options=\" required:true, validType:\'length[0,30]\'\"/>','text'),(47,'parentSysDepartment.name',NULL,'parent_id','text','父级部门','combotree','',NULL,'','\0','',255,'','',19,'parentSysDepartment','SysDepartment','=','ManyToOne',2,'','sys_department','\0',NULL,6,NULL,130,'{url:http;//www.baidu.com,valueField:id,textField:name}','<input type=\"text\" name=\"parentSysDepartment.id\" value=\"${parentSysDepartment.id}\"  class=\"easyui-combotree\"  data-options=\" url:\'${pageContext.request.contextPath}/http;//www.baidu.com\',method:\'post\',required:true,valueField:\'id\',textField:\'name\'\"/>','text'),(48,NULL,NULL,NULL,NULL,NULL,NULL,NULL,NULL,NULL,NULL,NULL,NULL,NULL,NULL,NULL,'sysDepartUsers','Set',NULL,'OneToMany',NULL,NULL,'sys_department',NULL,NULL,6,NULL,NULL,NULL,NULL,NULL),(49,NULL,NULL,'code',NULL,NULL,NULL,NULL,NULL,NULL,NULL,NULL,40,NULL,'\0',19,'code','string',NULL,'property',2,NULL,'rbac_role','\0',NULL,7,NULL,NULL,NULL,NULL,NULL),(50,NULL,NULL,'description',NULL,NULL,NULL,NULL,NULL,NULL,NULL,NULL,60,NULL,'',19,'description','string',NULL,'property',2,NULL,'rbac_role','\0',NULL,7,NULL,NULL,NULL,NULL,NULL),(51,NULL,NULL,'enabled',NULL,NULL,NULL,NULL,NULL,NULL,NULL,NULL,255,NULL,'\0',19,'enabled','boolean',NULL,'property',2,NULL,'rbac_role','\0',NULL,7,NULL,NULL,NULL,NULL,NULL),(52,NULL,NULL,'name',NULL,NULL,NULL,NULL,NULL,NULL,NULL,NULL,40,NULL,'\0',19,'name','string',NULL,'property',2,NULL,'rbac_role','\0',NULL,7,NULL,NULL,NULL,NULL,NULL),(53,NULL,NULL,NULL,NULL,NULL,NULL,NULL,NULL,NULL,NULL,NULL,NULL,NULL,NULL,NULL,'rbacGroupRoles','Set',NULL,'OneToMany',NULL,NULL,'rbac_role',NULL,NULL,7,NULL,NULL,NULL,NULL,NULL),(54,NULL,NULL,NULL,NULL,NULL,NULL,NULL,NULL,NULL,NULL,NULL,NULL,NULL,NULL,NULL,'rbacRolePermission','Set',NULL,'ManyToMany',NULL,NULL,'rbac_role',NULL,NULL,7,NULL,NULL,NULL,NULL,NULL),(55,NULL,NULL,NULL,NULL,NULL,NULL,NULL,NULL,NULL,NULL,NULL,NULL,NULL,NULL,NULL,'sysDepartments','Set',NULL,'OneToMany',NULL,NULL,'rbac_role',NULL,NULL,7,NULL,NULL,NULL,NULL,NULL),(56,NULL,NULL,'code',NULL,NULL,NULL,NULL,NULL,NULL,NULL,NULL,40,NULL,'\0',19,'code','string',NULL,'property',2,NULL,'rbac_permission','\0',NULL,8,NULL,NULL,NULL,NULL,NULL),(57,NULL,NULL,'description',NULL,NULL,NULL,NULL,NULL,NULL,NULL,NULL,60,NULL,'',19,'description','string',NULL,'property',2,NULL,'rbac_permission','\0',NULL,8,NULL,NULL,NULL,NULL,NULL),(58,NULL,NULL,'enabled',NULL,NULL,NULL,NULL,NULL,NULL,NULL,NULL,255,NULL,'\0',19,'enabled','boolean',NULL,'property',2,NULL,'rbac_permission','\0',NULL,8,NULL,NULL,NULL,NULL,NULL),(59,NULL,NULL,'name',NULL,NULL,NULL,NULL,NULL,NULL,NULL,NULL,40,NULL,'\0',19,'name','string',NULL,'property',2,NULL,'rbac_permission','\0',NULL,8,NULL,NULL,NULL,NULL,NULL),(60,NULL,NULL,'resource_id',NULL,NULL,NULL,NULL,NULL,NULL,NULL,NULL,255,NULL,'',19,'rbacResource','RbacResource',NULL,'ManyToOne',2,NULL,'rbac_permission','\0',NULL,8,NULL,NULL,NULL,NULL,NULL),(61,NULL,NULL,NULL,NULL,NULL,NULL,NULL,NULL,NULL,NULL,NULL,NULL,NULL,NULL,NULL,'rbacRoles','Set',NULL,'ManyToMany',NULL,NULL,'rbac_permission',NULL,NULL,8,NULL,NULL,NULL,NULL,NULL),(62,NULL,NULL,'type',NULL,NULL,NULL,NULL,NULL,NULL,NULL,NULL,1,NULL,'\0',19,'type','string',NULL,'property',2,NULL,'rbac_permission','\0',NULL,8,NULL,NULL,NULL,NULL,NULL),(63,NULL,NULL,'url',NULL,NULL,NULL,NULL,NULL,NULL,NULL,NULL,255,NULL,'\0',19,'url','string',NULL,'property',2,NULL,'rbac_permission','\0',NULL,8,NULL,NULL,NULL,NULL,NULL),(64,NULL,NULL,'rbac_role_id',NULL,NULL,NULL,NULL,NULL,NULL,NULL,NULL,255,NULL,'',19,'rbacRole','RbacRole',NULL,'ManyToOne',2,NULL,'sys_department_role','\0',NULL,9,NULL,NULL,NULL,NULL,NULL),(65,NULL,NULL,'sys_department_id',NULL,NULL,NULL,NULL,NULL,NULL,NULL,NULL,255,NULL,'',19,'sysDepartment','SysDepartment',NULL,'ManyToOne',2,NULL,'sys_department_role','\0',NULL,9,NULL,NULL,NULL,NULL,NULL),(66,NULL,NULL,NULL,NULL,NULL,NULL,NULL,NULL,NULL,NULL,NULL,NULL,NULL,NULL,NULL,'childRbacGroups','Set',NULL,'OneToMany',NULL,NULL,'rbac_group',NULL,NULL,10,NULL,NULL,NULL,NULL,NULL),(67,NULL,NULL,'create_time',NULL,NULL,NULL,NULL,NULL,NULL,NULL,NULL,255,NULL,'',19,'createTime','timestamp',NULL,'property',2,NULL,'rbac_group','\0',NULL,10,NULL,NULL,NULL,NULL,NULL),(68,NULL,NULL,'creater',NULL,NULL,NULL,NULL,NULL,NULL,NULL,NULL,30,NULL,'',19,'creater','string',NULL,'property',2,NULL,'rbac_group','\0',NULL,10,NULL,NULL,NULL,NULL,NULL),(69,NULL,NULL,'description',NULL,NULL,NULL,NULL,NULL,NULL,NULL,NULL,60,NULL,'',19,'description','string',NULL,'property',2,NULL,'rbac_group','\0',NULL,10,NULL,NULL,NULL,NULL,NULL),(70,NULL,NULL,'enabled',NULL,NULL,NULL,NULL,NULL,NULL,NULL,NULL,255,NULL,'\0',19,'enabled','boolean',NULL,'property',2,NULL,'rbac_group','\0',NULL,10,NULL,NULL,NULL,NULL,NULL),(71,NULL,NULL,'name',NULL,NULL,NULL,NULL,NULL,NULL,NULL,NULL,30,NULL,'\0',19,'name','string',NULL,'property',2,NULL,'rbac_group','',NULL,10,NULL,NULL,NULL,NULL,NULL),(72,NULL,NULL,'parent_id',NULL,NULL,NULL,NULL,NULL,NULL,NULL,NULL,255,NULL,'',19,'parentRbacGroup','RbacGroup',NULL,'ManyToOne',2,NULL,'rbac_group','\0',NULL,10,NULL,NULL,NULL,NULL,NULL),(73,NULL,NULL,NULL,NULL,NULL,NULL,NULL,NULL,NULL,NULL,NULL,NULL,NULL,NULL,NULL,'rbacGroupRoles','Set',NULL,'OneToMany',NULL,NULL,'rbac_group',NULL,NULL,10,NULL,NULL,NULL,NULL,NULL),(74,NULL,NULL,NULL,NULL,NULL,NULL,NULL,NULL,NULL,NULL,NULL,NULL,NULL,NULL,NULL,'rbacGroupUsers','Set',NULL,'OneToMany',NULL,NULL,'rbac_group',NULL,NULL,10,NULL,NULL,NULL,NULL,NULL),(75,NULL,NULL,'rbac_group_id',NULL,NULL,NULL,NULL,NULL,NULL,NULL,NULL,255,NULL,'',19,'rbacGroup','RbacGroup',NULL,'ManyToOne',2,NULL,'rbac_group_role','\0',NULL,11,NULL,NULL,NULL,NULL,NULL),(76,NULL,NULL,'rbac_role_id',NULL,NULL,NULL,NULL,NULL,NULL,NULL,NULL,255,NULL,'',19,'rbacRole','RbacRole',NULL,'ManyToOne',2,NULL,'rbac_group_role','\0',NULL,11,NULL,NULL,NULL,NULL,NULL),(77,NULL,NULL,'loginname',NULL,NULL,NULL,NULL,NULL,NULL,NULL,NULL,18,NULL,'',19,'ipAddress','string',NULL,'property',2,NULL,'rbac_user_session','\0',NULL,12,NULL,NULL,NULL,NULL,NULL),(78,NULL,NULL,'end_time',NULL,NULL,NULL,NULL,NULL,NULL,NULL,NULL,255,NULL,'',19,'loginTime','timestamp',NULL,'property',2,NULL,'rbac_user_session','\0',NULL,12,NULL,NULL,NULL,NULL,NULL),(79,NULL,NULL,'rbac_user_id',NULL,NULL,NULL,NULL,NULL,NULL,NULL,NULL,255,NULL,'',19,'rbacUser','RbacUser',NULL,'ManyToOne',2,NULL,'rbac_user_session','\0',NULL,12,NULL,NULL,NULL,NULL,NULL),(80,NULL,NULL,'rbac_role_id',NULL,NULL,NULL,NULL,NULL,NULL,NULL,NULL,255,NULL,'',19,'rbacRole','RbacRole',NULL,'ManyToOne',2,NULL,'rbac_user_role_reject','\0',NULL,13,NULL,NULL,NULL,NULL,NULL),(81,NULL,NULL,'rbac_user_id',NULL,NULL,NULL,NULL,NULL,NULL,NULL,NULL,255,NULL,'',19,'rbacUser','RbacUser',NULL,'ManyToOne',2,NULL,'rbac_user_role_reject','\0',NULL,13,NULL,NULL,NULL,NULL,NULL),(82,NULL,NULL,'description',NULL,NULL,NULL,NULL,NULL,NULL,NULL,NULL,255,NULL,'',19,'description','string',NULL,'property',2,NULL,'user','\0',NULL,14,NULL,NULL,NULL,NULL,NULL),(83,NULL,NULL,'enabled',NULL,NULL,NULL,NULL,NULL,NULL,NULL,NULL,255,NULL,'\0',19,'enabled','boolean',NULL,'property',2,NULL,'user','\0',NULL,14,NULL,NULL,NULL,NULL,NULL),(84,NULL,NULL,'full_time',NULL,NULL,NULL,NULL,NULL,NULL,NULL,NULL,255,NULL,'',19,'fullTime','timestamp',NULL,'property',2,NULL,'user','\0',NULL,14,NULL,NULL,NULL,NULL,NULL),(85,NULL,NULL,'loginname',NULL,NULL,NULL,NULL,NULL,NULL,NULL,NULL,60,NULL,'\0',19,'loginname','string',NULL,'property',2,NULL,'user','',NULL,14,NULL,NULL,NULL,NULL,NULL),(86,NULL,NULL,'password',NULL,NULL,NULL,NULL,NULL,NULL,NULL,NULL,60,NULL,'\0',19,'password','string',NULL,'property',2,NULL,'user','\0',NULL,14,NULL,NULL,NULL,NULL,NULL),(87,NULL,NULL,'start_date',NULL,NULL,NULL,NULL,NULL,NULL,NULL,NULL,255,NULL,'',19,'startDate','date',NULL,'property',2,NULL,'user','\0',NULL,14,NULL,NULL,NULL,NULL,NULL),(88,NULL,NULL,'start_time',NULL,NULL,NULL,NULL,NULL,NULL,NULL,NULL,255,NULL,'',19,'startTime','time',NULL,'property',2,NULL,'user','\0',NULL,14,NULL,NULL,NULL,NULL,NULL),(89,NULL,NULL,'M2O_O2O_DisplayField',NULL,NULL,NULL,NULL,NULL,NULL,NULL,NULL,60,NULL,'',19,'M2OO2ODisplayField','string',NULL,'property',2,NULL,'zht_entity_detail','\0',NULL,15,NULL,NULL,NULL,NULL,NULL),(90,NULL,NULL,'column_definition',NULL,NULL,NULL,NULL,NULL,NULL,NULL,NULL,30,NULL,'',19,'columnDefinition','string',NULL,'property',2,NULL,'zht_entity_detail','\0',NULL,15,NULL,NULL,NULL,NULL,NULL),(91,NULL,NULL,'columnName',NULL,NULL,NULL,NULL,NULL,NULL,NULL,NULL,30,NULL,'',19,'columnName','string',NULL,'property',2,NULL,'zht_entity_detail','\0',NULL,15,NULL,NULL,NULL,NULL,NULL),(92,NULL,NULL,'condtionDisplay',NULL,NULL,NULL,NULL,NULL,NULL,NULL,NULL,30,NULL,'',19,'condtionDisplay','string',NULL,'property',2,NULL,'zht_entity_detail','\0',NULL,15,NULL,NULL,NULL,NULL,NULL),(93,NULL,NULL,'display_z',NULL,NULL,NULL,NULL,NULL,NULL,NULL,NULL,30,NULL,'',19,'display','string',NULL,'property',2,NULL,'zht_entity_detail','\0',NULL,15,NULL,NULL,NULL,NULL,NULL),(94,NULL,NULL,'editType',NULL,NULL,NULL,NULL,NULL,NULL,NULL,NULL,30,NULL,'',19,'editType','string',NULL,'property',2,NULL,'zht_entity_detail','\0',NULL,15,NULL,NULL,NULL,NULL,NULL),(95,NULL,NULL,'genEntity_id',NULL,NULL,NULL,NULL,NULL,NULL,NULL,NULL,255,NULL,'',19,'genEntity','GenEntity',NULL,'ManyToOne',2,NULL,'zht_entity_detail','\0',NULL,15,NULL,NULL,NULL,NULL,NULL),(96,NULL,NULL,'isList',NULL,NULL,NULL,NULL,NULL,NULL,NULL,NULL,255,NULL,'',19,'isList','boolean',NULL,'property',2,NULL,'zht_entity_detail','\0',NULL,15,NULL,NULL,NULL,NULL,NULL),(97,NULL,NULL,'isLookUpDisplay',NULL,NULL,NULL,NULL,NULL,NULL,NULL,NULL,255,NULL,'',19,'isLookUpDisplay','boolean',NULL,'property',2,NULL,'zht_entity_detail','\0',NULL,15,NULL,NULL,NULL,NULL,NULL),(98,NULL,NULL,'isQueryCondtion',NULL,NULL,NULL,NULL,NULL,NULL,NULL,NULL,255,NULL,'',19,'isQueryCondtion','boolean',NULL,'property',2,NULL,'zht_entity_detail','\0',NULL,15,NULL,NULL,NULL,NULL,NULL),(99,NULL,NULL,'isSorter',NULL,NULL,NULL,NULL,NULL,NULL,NULL,NULL,255,NULL,'',19,'isSorter','boolean',NULL,'property',2,NULL,'zht_entity_detail','\0',NULL,15,NULL,NULL,NULL,NULL,NULL),(100,NULL,NULL,'isTreeProperty',NULL,NULL,NULL,NULL,NULL,NULL,NULL,NULL,255,NULL,'',19,'isTreeProperty','boolean',NULL,'property',2,NULL,'zht_entity_detail','\0',NULL,15,NULL,NULL,NULL,NULL,NULL),(101,NULL,NULL,'length_z',NULL,NULL,NULL,NULL,NULL,NULL,NULL,NULL,255,NULL,'',19,'length','integer',NULL,'property',2,NULL,'zht_entity_detail','\0',NULL,15,NULL,NULL,NULL,NULL,NULL),(102,NULL,NULL,'lookUpType',NULL,NULL,NULL,NULL,NULL,NULL,NULL,NULL,30,NULL,'',19,'lookUpType','string',NULL,'property',2,NULL,'zht_entity_detail','\0',NULL,15,NULL,NULL,NULL,NULL,NULL),(103,NULL,NULL,'nullable_z',NULL,NULL,NULL,NULL,NULL,NULL,NULL,NULL,255,NULL,'',19,'nullable','boolean',NULL,'property',2,NULL,'zht_entity_detail','\0',NULL,15,NULL,NULL,NULL,NULL,NULL),(104,NULL,NULL,'precision_z',NULL,NULL,NULL,NULL,NULL,NULL,NULL,NULL,255,NULL,'',19,'precision','integer',NULL,'property',2,NULL,'zht_entity_detail','\0',NULL,15,NULL,NULL,NULL,NULL,NULL),(105,NULL,NULL,'propertyName',NULL,NULL,NULL,NULL,NULL,NULL,NULL,NULL,100,NULL,'',19,'propertyName','string',NULL,'property',2,NULL,'zht_entity_detail','\0',NULL,15,NULL,NULL,NULL,NULL,NULL),(106,NULL,NULL,'propertyType',NULL,NULL,NULL,NULL,NULL,NULL,NULL,NULL,100,NULL,'',19,'propertyType','string',NULL,'property',2,NULL,'zht_entity_detail','\0',NULL,15,NULL,NULL,NULL,NULL,NULL),(107,NULL,NULL,'queryType',NULL,NULL,NULL,NULL,NULL,NULL,NULL,NULL,30,NULL,'',19,'queryType','string',NULL,'property',2,NULL,'zht_entity_detail','\0',NULL,15,NULL,NULL,NULL,NULL,NULL),(108,NULL,NULL,'relationType',NULL,NULL,NULL,NULL,NULL,NULL,NULL,NULL,30,NULL,'',19,'relationType','string',NULL,'property',2,NULL,'zht_entity_detail','\0',NULL,15,NULL,NULL,NULL,NULL,NULL),(109,NULL,NULL,'scale_z',NULL,NULL,NULL,NULL,NULL,NULL,NULL,NULL,255,NULL,'',19,'scale','integer',NULL,'property',2,NULL,'zht_entity_detail','\0',NULL,15,NULL,NULL,NULL,NULL,NULL),(110,NULL,NULL,'simpleFormat',NULL,NULL,NULL,NULL,NULL,NULL,NULL,NULL,100,NULL,'',19,'simpleFormat','string',NULL,'property',2,NULL,'zht_entity_detail','\0',NULL,15,NULL,NULL,NULL,NULL,NULL),(111,NULL,NULL,'table_name',NULL,NULL,NULL,NULL,NULL,NULL,NULL,NULL,30,NULL,'',19,'tableName','string',NULL,'property',2,NULL,'zht_entity_detail','\0',NULL,15,NULL,NULL,NULL,NULL,NULL),(112,NULL,NULL,'unique_z',NULL,NULL,NULL,NULL,NULL,NULL,NULL,NULL,255,NULL,'',19,'unique','boolean',NULL,'property',2,NULL,'zht_entity_detail','\0',NULL,15,NULL,NULL,NULL,NULL,NULL),(113,NULL,NULL,'validateContent',NULL,NULL,NULL,NULL,NULL,NULL,NULL,NULL,30,NULL,'',19,'validateContent','string',NULL,'property',2,NULL,'zht_entity_detail','\0',NULL,15,NULL,NULL,NULL,NULL,NULL),(114,NULL,NULL,'accountNonExpired',NULL,NULL,NULL,NULL,NULL,NULL,NULL,NULL,255,NULL,'\0',19,'accountNonExpired','boolean',NULL,'property',2,NULL,'rbac_user','\0',NULL,16,NULL,NULL,NULL,NULL,NULL),(115,NULL,NULL,'accountNonLocked',NULL,NULL,NULL,NULL,NULL,NULL,NULL,NULL,255,NULL,'\0',19,'accountNonLocked','boolean',NULL,'property',2,NULL,'rbac_user','\0',NULL,16,NULL,NULL,NULL,NULL,NULL),(116,NULL,NULL,'alias',NULL,NULL,NULL,NULL,NULL,NULL,NULL,NULL,30,NULL,'',19,'alias','string',NULL,'property',2,NULL,'rbac_user','\0',NULL,16,NULL,NULL,NULL,NULL,NULL),(117,NULL,NULL,'credentialsNonExpired',NULL,NULL,NULL,NULL,NULL,NULL,NULL,NULL,255,NULL,'\0',19,'credentialsNonExpired','boolean',NULL,'property',2,NULL,'rbac_user','\0',NULL,16,NULL,NULL,NULL,NULL,NULL),(118,NULL,NULL,'defaultRoleId',NULL,NULL,NULL,NULL,NULL,NULL,NULL,NULL,255,NULL,'',19,'defaultRbacRole','RbacRole',NULL,'ManyToOne',2,NULL,'rbac_user','\0',NULL,16,NULL,NULL,NULL,NULL,NULL),(119,NULL,NULL,'description',NULL,NULL,NULL,NULL,NULL,NULL,NULL,NULL,30,NULL,'',19,'description','string',NULL,'property',2,NULL,'rbac_user','\0',NULL,16,NULL,NULL,NULL,NULL,NULL),(120,NULL,NULL,'enabled',NULL,NULL,NULL,NULL,NULL,NULL,NULL,NULL,255,NULL,'\0',19,'enabled','boolean',NULL,'property',2,NULL,'rbac_user','\0',NULL,16,NULL,NULL,NULL,NULL,NULL),(121,NULL,NULL,'loginname',NULL,NULL,NULL,NULL,NULL,NULL,NULL,NULL,30,NULL,'\0',19,'loginname','string',NULL,'property',2,NULL,'rbac_user','',NULL,16,NULL,NULL,NULL,NULL,NULL),(122,NULL,NULL,'password',NULL,NULL,NULL,NULL,NULL,NULL,NULL,NULL,36,NULL,'',19,'password','string',NULL,'property',2,NULL,'rbac_user','\0',NULL,16,NULL,NULL,NULL,NULL,NULL),(123,NULL,NULL,NULL,NULL,NULL,NULL,NULL,NULL,NULL,NULL,NULL,NULL,NULL,NULL,NULL,'rbacGroupUsers','Set',NULL,'OneToMany',NULL,NULL,'rbac_user',NULL,NULL,16,NULL,NULL,NULL,NULL,NULL),(124,NULL,NULL,'salt',NULL,NULL,NULL,NULL,NULL,NULL,NULL,NULL,36,NULL,'',19,'salt','string',NULL,'property',2,NULL,'rbac_user','\0',NULL,16,NULL,NULL,NULL,NULL,NULL),(125,NULL,NULL,NULL,NULL,NULL,NULL,NULL,NULL,NULL,NULL,NULL,NULL,NULL,NULL,NULL,'sysDepartmentUsers','Set',NULL,'OneToMany',NULL,NULL,'rbac_user',NULL,NULL,16,NULL,NULL,NULL,NULL,NULL),(126,NULL,NULL,'rbac_group_id',NULL,NULL,NULL,NULL,NULL,NULL,NULL,NULL,255,NULL,'',19,'rbacGroup','RbacGroup',NULL,'ManyToOne',2,NULL,'rbac_group_user','\0',NULL,17,NULL,NULL,NULL,NULL,NULL),(127,NULL,NULL,'rbac_user_id',NULL,NULL,NULL,NULL,NULL,NULL,NULL,NULL,255,NULL,'',19,'rbacUser','RbacUser',NULL,'ManyToOne',2,NULL,'rbac_group_user','\0',NULL,17,NULL,NULL,NULL,NULL,NULL),(128,NULL,NULL,'cardTypeCode',NULL,NULL,NULL,NULL,NULL,NULL,NULL,NULL,3,NULL,'',19,'cardTypeCode','string',NULL,'property',2,NULL,'info_personinfo','\0',NULL,18,NULL,NULL,NULL,NULL,NULL),(129,NULL,NULL,'EMAIL',NULL,NULL,NULL,NULL,NULL,NULL,NULL,NULL,50,NULL,'',19,'email','string',NULL,'property',2,NULL,'info_personinfo','\0',NULL,18,NULL,NULL,NULL,NULL,NULL),(130,NULL,NULL,'famPostcalCode',NULL,NULL,NULL,NULL,NULL,NULL,NULL,NULL,6,NULL,'',19,'famPostcalCode','string',NULL,'property',2,NULL,'info_personinfo','\0',NULL,18,NULL,NULL,NULL,NULL,NULL),(131,NULL,NULL,'famTelephone',NULL,NULL,NULL,NULL,NULL,NULL,NULL,NULL,15,NULL,'',19,'famTelephone','string',NULL,'property',2,NULL,'info_personinfo','\0',NULL,18,NULL,NULL,NULL,NULL,NULL),(132,NULL,NULL,'famillyAddress',NULL,NULL,NULL,NULL,NULL,NULL,NULL,NULL,50,NULL,'',19,'famillyAddress','string',NULL,'property',2,NULL,'info_personinfo','\0',NULL,18,NULL,NULL,NULL,NULL,NULL),(133,NULL,NULL,'genderCode',NULL,NULL,NULL,NULL,NULL,NULL,NULL,NULL,5,NULL,'\0',19,'genderCode','string',NULL,'property',2,NULL,'info_personinfo','\0',NULL,18,NULL,NULL,NULL,NULL,NULL),(134,NULL,NULL,'isMarried',NULL,NULL,NULL,NULL,NULL,NULL,NULL,NULL,255,NULL,'',19,'isMarried','integer',NULL,'property',2,NULL,'info_personinfo','\0',NULL,18,NULL,NULL,NULL,NULL,NULL),(135,NULL,NULL,'mobilePhone',NULL,NULL,NULL,NULL,NULL,NULL,NULL,NULL,15,NULL,'',19,'mobilePhone','string',NULL,'property',2,NULL,'info_personinfo','\0',NULL,18,NULL,NULL,NULL,NULL,NULL),(136,NULL,NULL,'MSN',NULL,NULL,NULL,NULL,NULL,NULL,NULL,NULL,50,NULL,'',19,'msn','string',NULL,'property',2,NULL,'info_personinfo','\0',NULL,18,NULL,NULL,NULL,NULL,NULL),(137,NULL,NULL,'nameSpell',NULL,NULL,NULL,NULL,NULL,NULL,NULL,NULL,60,NULL,'',19,'nameSpell','string',NULL,'property',2,NULL,'info_personinfo','\0',NULL,18,NULL,NULL,NULL,NULL,NULL),(138,NULL,NULL,'nationId',NULL,NULL,NULL,NULL,NULL,NULL,NULL,NULL,255,NULL,'',19,'nationId','long',NULL,'property',2,NULL,'info_personinfo','\0',NULL,18,NULL,NULL,NULL,NULL,NULL),(139,NULL,NULL,'nativeCity',NULL,NULL,NULL,NULL,NULL,NULL,NULL,NULL,30,NULL,'',19,'nativeCity','string',NULL,'property',2,NULL,'info_personinfo','\0',NULL,18,NULL,NULL,NULL,NULL,NULL),(140,NULL,NULL,'nativeCounty',NULL,NULL,NULL,NULL,NULL,NULL,NULL,NULL,30,NULL,'',19,'nativeCounty','string',NULL,'property',2,NULL,'info_personinfo','\0',NULL,18,NULL,NULL,NULL,NULL,NULL),(141,NULL,NULL,'nativeProvince',NULL,NULL,NULL,NULL,NULL,NULL,NULL,NULL,20,NULL,'',19,'nativeProvince','string',NULL,'property',2,NULL,'info_personinfo','\0',NULL,18,NULL,NULL,NULL,NULL,NULL),(142,NULL,NULL,'peopleId',NULL,NULL,NULL,NULL,NULL,NULL,NULL,NULL,255,NULL,'',19,'peopleId','long',NULL,'property',2,NULL,'info_personinfo','\0',NULL,18,NULL,NULL,NULL,NULL,NULL),(143,NULL,NULL,'perAddress',NULL,NULL,NULL,NULL,NULL,NULL,NULL,NULL,50,NULL,'',19,'perAddress','string',NULL,'property',2,NULL,'info_personinfo','\0',NULL,18,NULL,NULL,NULL,NULL,NULL),(144,NULL,NULL,'perBirthday',NULL,NULL,NULL,NULL,NULL,NULL,NULL,NULL,10,NULL,'',19,'perBirthday','date',NULL,'property',2,NULL,'info_personinfo','\0',NULL,18,NULL,NULL,NULL,NULL,NULL),(145,NULL,NULL,'perEnglishName',NULL,NULL,NULL,NULL,NULL,NULL,NULL,NULL,60,NULL,'',19,'perEnglishName','string',NULL,'property',2,NULL,'info_personinfo','\0',NULL,18,NULL,NULL,NULL,NULL,NULL),(146,NULL,NULL,'perIdCard',NULL,NULL,NULL,NULL,NULL,NULL,NULL,NULL,18,NULL,'',19,'perIdCard','string',NULL,'property',2,NULL,'info_personinfo','\0',NULL,18,NULL,NULL,NULL,NULL,NULL),(147,NULL,NULL,'perName',NULL,NULL,NULL,NULL,NULL,NULL,NULL,NULL,50,NULL,'\0',19,'perName','string',NULL,'property',2,NULL,'info_personinfo','\0',NULL,18,NULL,NULL,NULL,NULL,NULL),(148,NULL,NULL,'perNum',NULL,NULL,NULL,NULL,NULL,NULL,NULL,NULL,20,NULL,'\0',19,'perNum','string',NULL,'property',2,NULL,'info_personinfo','',NULL,18,NULL,NULL,NULL,NULL,NULL),(149,NULL,NULL,'perPostalCode',NULL,NULL,NULL,NULL,NULL,NULL,NULL,NULL,6,NULL,'',19,'perPostalCode','string',NULL,'property',2,NULL,'info_personinfo','\0',NULL,18,NULL,NULL,NULL,NULL,NULL),(150,NULL,NULL,'perTelephone',NULL,NULL,NULL,NULL,NULL,NULL,NULL,NULL,20,NULL,'',19,'perTelephone','string',NULL,'property',2,NULL,'info_personinfo','\0',NULL,18,NULL,NULL,NULL,NULL,NULL),(151,NULL,NULL,'rbac_role_id',NULL,NULL,NULL,NULL,NULL,NULL,NULL,NULL,255,NULL,'',19,'rbacRole','RbacRole',NULL,'ManyToOne',2,NULL,'rbac_user_role','\0',NULL,19,NULL,NULL,NULL,NULL,NULL),(152,NULL,NULL,'rbac_user_id',NULL,NULL,NULL,NULL,NULL,NULL,NULL,NULL,255,NULL,'',19,'rbacUser','RbacUser',NULL,'ManyToOne',2,NULL,'rbac_user_role','\0',NULL,19,NULL,NULL,NULL,NULL,NULL),(153,NULL,NULL,'rejected',NULL,NULL,NULL,NULL,NULL,NULL,NULL,NULL,255,NULL,'\0',19,'rejected','boolean',NULL,'property',2,NULL,'rbac_user_role','\0',NULL,19,NULL,NULL,NULL,NULL,NULL),(154,NULL,NULL,'rbac_user_id',NULL,NULL,NULL,NULL,NULL,NULL,NULL,NULL,255,NULL,'',19,'rbacUser','RbacUser',NULL,'ManyToOne',2,NULL,'sys_department_user','\0',NULL,20,NULL,NULL,NULL,NULL,NULL),(155,NULL,NULL,'sys_department_id',NULL,NULL,NULL,NULL,NULL,NULL,NULL,NULL,255,NULL,'',19,'sysDepartment','SysDepartment',NULL,'ManyToOne',2,NULL,'sys_department_user','\0',NULL,20,NULL,NULL,NULL,NULL,NULL),(156,NULL,NULL,'email',NULL,NULL,NULL,NULL,NULL,NULL,NULL,NULL,50,NULL,'',19,'email','string',NULL,'property',2,NULL,'gen_demo','\0',NULL,21,NULL,NULL,NULL,NULL,NULL),(157,NULL,NULL,'enable',NULL,NULL,NULL,NULL,NULL,NULL,NULL,NULL,255,NULL,'',19,'enable','boolean',NULL,'property',2,NULL,'gen_demo','\0',NULL,21,NULL,NULL,NULL,NULL,NULL),(158,NULL,NULL,'mobilePhone',NULL,NULL,NULL,NULL,NULL,NULL,NULL,NULL,15,NULL,'',19,'mobilePhone','string',NULL,'property',2,NULL,'gen_demo','\0',NULL,21,NULL,NULL,NULL,NULL,NULL),(159,NULL,NULL,'perName',NULL,NULL,NULL,NULL,NULL,NULL,NULL,NULL,50,NULL,'\0',19,'perName','string',NULL,'property',2,NULL,'gen_demo','\0',NULL,21,NULL,NULL,NULL,NULL,NULL),(160,NULL,NULL,'perNum',NULL,NULL,NULL,NULL,NULL,NULL,NULL,NULL,20,NULL,'\0',19,'perNum','string',NULL,'property',2,NULL,'gen_demo','',NULL,21,NULL,NULL,NULL,NULL,NULL),(161,NULL,NULL,'create_time',NULL,NULL,NULL,NULL,NULL,NULL,NULL,NULL,255,NULL,'',19,'careateTime','timestamp',NULL,'property',2,NULL,'zht_gen_entity','\0',NULL,22,NULL,NULL,NULL,NULL,NULL),(162,NULL,NULL,'controllerNameSpace',NULL,NULL,NULL,NULL,NULL,NULL,NULL,NULL,60,NULL,'',19,'controllerNameSpace','string',NULL,'property',2,NULL,'zht_gen_entity','\0',NULL,22,NULL,NULL,NULL,NULL,NULL),(163,NULL,NULL,NULL,NULL,NULL,NULL,NULL,NULL,NULL,NULL,NULL,NULL,NULL,NULL,NULL,'genEntityDetails','Set',NULL,'OneToMany',NULL,NULL,'zht_gen_entity',NULL,NULL,22,NULL,NULL,NULL,NULL,NULL),(164,NULL,NULL,'gen_info',NULL,NULL,NULL,NULL,NULL,NULL,NULL,NULL,60,NULL,'',19,'genInfo','string',NULL,'property',2,NULL,'zht_gen_entity','\0',NULL,22,NULL,NULL,NULL,NULL,NULL),(165,NULL,NULL,'isTree',NULL,NULL,NULL,NULL,NULL,NULL,NULL,NULL,255,NULL,'',19,'isTree','boolean',NULL,'property',2,NULL,'zht_gen_entity','\0',NULL,22,NULL,NULL,NULL,NULL,NULL),(166,NULL,NULL,'last_modify_time',NULL,NULL,NULL,NULL,NULL,NULL,NULL,NULL,255,NULL,'',19,'lastModifyTime','timestamp',NULL,'property',2,NULL,'zht_gen_entity','\0',NULL,22,NULL,NULL,NULL,NULL,NULL),(167,NULL,NULL,'module_name',NULL,NULL,NULL,NULL,NULL,NULL,NULL,NULL,60,NULL,'',19,'moduleName','string',NULL,'property',2,NULL,'zht_gen_entity','\0',NULL,22,NULL,NULL,NULL,NULL,NULL),(168,NULL,NULL,'name',NULL,NULL,NULL,NULL,NULL,NULL,NULL,NULL,100,NULL,'\0',19,'name','string',NULL,'property',2,NULL,'zht_gen_entity','',NULL,22,NULL,NULL,NULL,NULL,NULL),(169,NULL,NULL,'remark',NULL,NULL,NULL,NULL,NULL,NULL,NULL,NULL,60,NULL,'',19,'remark','string',NULL,'property',2,NULL,'zht_gen_entity','\0',NULL,22,NULL,NULL,NULL,NULL,NULL),(170,NULL,NULL,'version',NULL,NULL,NULL,NULL,NULL,NULL,NULL,NULL,10,NULL,'',19,'version','string',NULL,'property',2,NULL,'zht_gen_entity','\0',NULL,22,NULL,NULL,NULL,NULL,NULL),(171,NULL,NULL,'M2O_O2O_DisplayField',NULL,NULL,NULL,NULL,NULL,NULL,NULL,NULL,60,NULL,'',19,'mTOOTOField','string',NULL,NULL,2,NULL,'zht_entity_detail','\0',NULL,15,NULL,NULL,NULL,NULL,NULL),(172,NULL,NULL,'entityDisName',NULL,NULL,NULL,NULL,NULL,NULL,NULL,NULL,60,NULL,'',19,'entityDisName','string',NULL,'property',2,NULL,'zht_gen_entity','\0',NULL,22,NULL,NULL,NULL,NULL,NULL),(173,NULL,NULL,'lineWidth',NULL,NULL,NULL,NULL,NULL,NULL,NULL,NULL,255,NULL,'',19,'lineWidth','integer',NULL,NULL,2,NULL,'zht_entity_detail','\0',NULL,15,NULL,NULL,NULL,NULL,NULL),(174,NULL,NULL,'columnWidth',NULL,NULL,NULL,NULL,NULL,NULL,NULL,NULL,255,NULL,'',19,'columnWidth','integer',NULL,NULL,2,NULL,'zht_entity_detail','\0',NULL,15,NULL,NULL,NULL,NULL,NULL),(175,NULL,NULL,'editContent',NULL,NULL,NULL,NULL,NULL,NULL,NULL,NULL,100,NULL,'',19,'editContent','string',NULL,'property',2,NULL,'zht_entity_detail','\0',NULL,15,NULL,NULL,NULL,NULL,NULL),(176,NULL,NULL,'editFinalContentStr',NULL,NULL,NULL,NULL,NULL,NULL,NULL,NULL,300,NULL,'',19,'editFinalContentStr','string',NULL,'property',2,NULL,'zht_entity_detail','\0',NULL,15,NULL,NULL,NULL,NULL,NULL),(177,NULL,NULL,'validateType',NULL,NULL,NULL,NULL,NULL,NULL,NULL,NULL,30,NULL,'',19,'validateType','string',NULL,'property',2,NULL,'zht_entity_detail','\0',NULL,15,NULL,NULL,NULL,NULL,NULL),(178,NULL,NULL,'tableName',NULL,NULL,NULL,NULL,NULL,NULL,NULL,NULL,60,NULL,'',19,'tableName','string',NULL,'property',2,NULL,'zht_gen_entity','\0',NULL,22,NULL,NULL,NULL,NULL,NULL),(179,NULL,NULL,'columnName',NULL,NULL,NULL,NULL,NULL,NULL,NULL,NULL,30,NULL,'',19,'columnName','string',NULL,'property',2,NULL,'zht_entity_property','\0',NULL,25,NULL,NULL,NULL,NULL,NULL),(180,NULL,NULL,'columnWidth',NULL,NULL,NULL,NULL,NULL,NULL,NULL,NULL,255,NULL,'',19,'columnWidth','integer',NULL,'property',2,NULL,'zht_entity_property','\0',NULL,25,NULL,NULL,NULL,NULL,NULL),(181,NULL,NULL,'condtionDisplay',NULL,NULL,NULL,NULL,NULL,NULL,NULL,NULL,30,NULL,'',19,'condtionDisplay','string',NULL,'property',2,NULL,'zht_entity_property','\0',NULL,25,NULL,NULL,NULL,NULL,NULL),(182,NULL,NULL,'display_z',NULL,NULL,NULL,NULL,NULL,NULL,NULL,NULL,30,NULL,'',19,'display','string',NULL,'property',2,NULL,'zht_entity_property','\0',NULL,25,NULL,NULL,NULL,NULL,NULL),(183,NULL,NULL,'editContent',NULL,NULL,NULL,NULL,NULL,NULL,NULL,NULL,100,NULL,'',19,'editContent','string',NULL,'property',2,NULL,'zht_entity_property','\0',NULL,25,NULL,NULL,NULL,NULL,NULL),(184,NULL,NULL,'editFinalContentStr',NULL,NULL,NULL,NULL,NULL,NULL,NULL,NULL,300,NULL,'',19,'editFinalContentStr','string',NULL,'property',2,NULL,'zht_entity_property','\0',NULL,25,NULL,NULL,NULL,NULL,NULL),(185,NULL,NULL,'editType',NULL,NULL,NULL,NULL,NULL,NULL,NULL,NULL,30,NULL,'',19,'editType','string',NULL,'property',2,NULL,'zht_entity_property','\0',NULL,25,NULL,NULL,NULL,NULL,NULL),(186,NULL,NULL,'genEntity_id',NULL,NULL,NULL,NULL,NULL,NULL,NULL,NULL,255,NULL,'',19,'genEntity','GenEntity',NULL,'ManyToOne',2,NULL,'zht_entity_property','\0',NULL,25,NULL,NULL,NULL,NULL,NULL),(187,NULL,NULL,'isList',NULL,NULL,NULL,NULL,NULL,NULL,NULL,NULL,255,NULL,'',19,'isList','boolean',NULL,'property',2,NULL,'zht_entity_property','\0',NULL,25,NULL,NULL,NULL,NULL,NULL),(188,NULL,NULL,'isLookUpDisplay',NULL,NULL,NULL,NULL,NULL,NULL,NULL,NULL,255,NULL,'',19,'isLookUpDisplay','boolean',NULL,'property',2,NULL,'zht_entity_property','\0',NULL,25,NULL,NULL,NULL,NULL,NULL),(189,NULL,NULL,'isQueryCondtion',NULL,NULL,NULL,NULL,NULL,NULL,NULL,NULL,255,NULL,'',19,'isQueryCondtion','boolean',NULL,'property',2,NULL,'zht_entity_property','\0',NULL,25,NULL,NULL,NULL,NULL,NULL),(190,NULL,NULL,'isSorter',NULL,NULL,NULL,NULL,NULL,NULL,NULL,NULL,255,NULL,'',19,'isSorter','boolean',NULL,'property',2,NULL,'zht_entity_property','\0',NULL,25,NULL,NULL,NULL,NULL,NULL),(191,NULL,NULL,'isTreeProperty',NULL,NULL,NULL,NULL,NULL,NULL,NULL,NULL,255,NULL,'',19,'isTreeProperty','boolean',NULL,'property',2,NULL,'zht_entity_property','\0',NULL,25,NULL,NULL,NULL,NULL,NULL),(192,NULL,NULL,'length_z',NULL,NULL,NULL,NULL,NULL,NULL,NULL,NULL,255,NULL,'',19,'length','integer',NULL,'property',2,NULL,'zht_entity_property','\0',NULL,25,NULL,NULL,NULL,NULL,NULL),(193,NULL,NULL,'lookUpType',NULL,NULL,NULL,NULL,NULL,NULL,NULL,NULL,30,NULL,'',19,'lookUpType','string',NULL,'property',2,NULL,'zht_entity_property','\0',NULL,25,NULL,NULL,NULL,NULL,NULL),(194,NULL,NULL,'M2O_O2O_DisplayField',NULL,NULL,NULL,NULL,NULL,NULL,NULL,NULL,60,NULL,'',19,'mTOOTOField','string',NULL,NULL,2,NULL,'zht_entity_property','\0',NULL,25,NULL,NULL,NULL,NULL,NULL),(195,NULL,NULL,'nullable_z',NULL,NULL,NULL,NULL,NULL,NULL,NULL,NULL,255,NULL,'',19,'nullable','boolean',NULL,'property',2,NULL,'zht_entity_property','\0',NULL,25,NULL,NULL,NULL,NULL,NULL),(196,NULL,NULL,'precision_z',NULL,NULL,NULL,NULL,NULL,NULL,NULL,NULL,255,NULL,'',19,'precision','integer',NULL,'property',2,NULL,'zht_entity_property','\0',NULL,25,NULL,NULL,NULL,NULL,NULL),(197,NULL,NULL,'propertyName',NULL,NULL,NULL,NULL,NULL,NULL,NULL,NULL,40,NULL,'',19,'propertyName','string',NULL,'property',2,NULL,'zht_entity_property','\0',NULL,25,NULL,NULL,NULL,NULL,NULL),(198,NULL,NULL,'propertyType',NULL,NULL,NULL,NULL,NULL,NULL,NULL,NULL,40,NULL,'',19,'propertyType','string',NULL,'property',2,NULL,'zht_entity_property','\0',NULL,25,NULL,NULL,NULL,NULL,NULL),(199,NULL,NULL,'queryType',NULL,NULL,NULL,NULL,NULL,NULL,NULL,NULL,30,NULL,'',19,'queryType','string',NULL,'property',2,NULL,'zht_entity_property','\0',NULL,25,NULL,NULL,NULL,NULL,NULL),(200,NULL,NULL,'relationType',NULL,NULL,NULL,NULL,NULL,NULL,NULL,NULL,30,NULL,'',19,'relationType','string',NULL,'property',2,NULL,'zht_entity_property','\0',NULL,25,NULL,NULL,NULL,NULL,NULL),(201,NULL,NULL,'scale_z',NULL,NULL,NULL,NULL,NULL,NULL,NULL,NULL,255,NULL,'',19,'scale','integer',NULL,'property',2,NULL,'zht_entity_property','\0',NULL,25,NULL,NULL,NULL,NULL,NULL),(202,NULL,NULL,'simpleFormat',NULL,NULL,NULL,NULL,NULL,NULL,NULL,NULL,100,NULL,'',19,'simpleFormat','string',NULL,'property',2,NULL,'zht_entity_property','\0',NULL,25,NULL,NULL,NULL,NULL,NULL),(203,NULL,NULL,'unique_z',NULL,NULL,NULL,NULL,NULL,NULL,NULL,NULL,255,NULL,'',19,'unique','boolean',NULL,'property',2,NULL,'zht_entity_property','\0',NULL,25,NULL,NULL,NULL,NULL,NULL),(204,NULL,NULL,'validateContent',NULL,NULL,NULL,NULL,NULL,NULL,NULL,NULL,30,NULL,'',19,'validateContent','string',NULL,'property',2,NULL,'zht_entity_property','\0',NULL,25,NULL,NULL,NULL,NULL,NULL),(205,NULL,NULL,'validateType',NULL,NULL,NULL,NULL,NULL,NULL,NULL,NULL,30,NULL,'',19,'validateType','string',NULL,'property',2,NULL,'zht_entity_property','\0',NULL,25,NULL,NULL,NULL,NULL,NULL),(208,NULL,NULL,'generatedEditOfPropertyStr',NULL,NULL,NULL,NULL,NULL,NULL,NULL,NULL,200,NULL,'',19,'generatedEditOfPropertyStr','string',NULL,'property',2,NULL,'zht_entity_property','\0',NULL,25,NULL,NULL,NULL,NULL,NULL),(209,NULL,NULL,'generatedHibernateModelOfPropertyStr',NULL,NULL,NULL,NULL,NULL,NULL,NULL,NULL,200,NULL,'',19,'generatedHibernateModelOfPropertyStr','string',NULL,'property',2,NULL,'zht_entity_property','\0',NULL,25,NULL,NULL,NULL,NULL,NULL),(210,NULL,NULL,'generatedListDisplayOfPropertyStr',NULL,NULL,NULL,NULL,NULL,NULL,NULL,NULL,200,NULL,'',19,'generatedListDisplayOfPropertyStr','string',NULL,'property',2,NULL,'zht_entity_property','\0',NULL,25,NULL,NULL,NULL,NULL,NULL),(211,NULL,NULL,'generatedQueryOfPropertyStr',NULL,NULL,NULL,NULL,NULL,NULL,NULL,NULL,200,NULL,'',19,'generatedQueryOfPropertyStr','string',NULL,'property',2,NULL,'zht_entity_property','\0',NULL,25,NULL,NULL,NULL,NULL,NULL),(212,NULL,NULL,'maxLength',NULL,NULL,NULL,NULL,NULL,NULL,NULL,NULL,255,NULL,'',19,'maxLength','integer',NULL,'property',2,NULL,'zht_entity_property','\0',NULL,25,NULL,NULL,NULL,NULL,NULL),(213,NULL,NULL,'minLength',NULL,NULL,NULL,NULL,NULL,NULL,NULL,NULL,255,NULL,'',19,'minLength','integer',NULL,'property',2,NULL,'zht_entity_property','\0',NULL,25,NULL,NULL,NULL,NULL,NULL),(214,NULL,NULL,'max_value',NULL,NULL,NULL,NULL,NULL,NULL,NULL,NULL,255,NULL,'',19,'maxValue','long',NULL,'property',2,NULL,'zht_entity_property','\0',NULL,25,NULL,NULL,NULL,NULL,NULL),(215,NULL,NULL,'min_value',NULL,NULL,NULL,NULL,NULL,NULL,NULL,NULL,255,NULL,'',19,'minValue','long',NULL,'property',2,NULL,'zht_entity_property','\0',NULL,25,NULL,NULL,NULL,NULL,NULL);

/*Table structure for table `zht_entity_property` */

DROP TABLE IF EXISTS `zht_entity_property`;

CREATE TABLE `zht_entity_property` (
  `id` bigint(20) NOT NULL AUTO_INCREMENT,
  `columnName` varchar(60) DEFAULT NULL,
  `columnWidth` int(11) DEFAULT NULL,
  `condtionDisplay` varchar(30) DEFAULT NULL,
  `display_z` varchar(30) DEFAULT NULL,
  `editContent` varchar(100) DEFAULT NULL,
  `editFinalContentStr` longtext,
  `editType` varchar(30) DEFAULT NULL,
  `isList` bit(1) DEFAULT NULL,
  `isLookUpDisplay` bit(1) DEFAULT NULL,
  `isQueryCondtion` bit(1) DEFAULT NULL,
  `isSorter` bit(1) DEFAULT NULL,
  `isTreeProperty` bit(1) DEFAULT NULL,
  `length_z` int(11) DEFAULT NULL,
  `lookUpType` varchar(30) DEFAULT NULL,
  `M2O_O2O_DisplayField` varchar(60) DEFAULT NULL,
  `nullable_z` bit(1) DEFAULT NULL,
  `precision_z` int(11) DEFAULT NULL,
  `propertyName` varchar(40) DEFAULT NULL,
  `propertyType` varchar(200) DEFAULT NULL,
  `queryType` varchar(30) DEFAULT NULL,
  `relationType` varchar(30) DEFAULT NULL,
  `scale_z` int(11) DEFAULT NULL,
  `simpleFormat` varchar(1000) DEFAULT NULL,
  `unique_z` bit(1) DEFAULT NULL,
  `validateContent` varchar(30) DEFAULT NULL,
  `validateType` varchar(30) DEFAULT NULL,
  `genEntity_id` bigint(20) DEFAULT NULL,
  `generatedEditOfPropertyStr` varchar(1000) DEFAULT NULL,
  `generatedHibernateModelOfPropertyStr` varchar(1000) DEFAULT NULL,
  `generatedListDisplayOfPropertyStr` varchar(1000) DEFAULT NULL,
  `generatedQueryOfPropertyStr` varchar(1000) DEFAULT NULL,
  `maxLength` int(11) DEFAULT NULL,
  `minLength` int(11) DEFAULT NULL,
  `max_length` int(11) DEFAULT NULL,
  `max_value` bigint(20) DEFAULT NULL,
  `min_length` int(11) DEFAULT NULL,
  `min_value` bigint(20) DEFAULT NULL,
  `isDateFutrue` bit(1) DEFAULT NULL,
  `isDatePost` bit(1) DEFAULT NULL,
  `manyToOneDisplayField` varchar(255) DEFAULT NULL,
  `oneTomanyMappedBy` varchar(255) DEFAULT NULL,
  `isManytomanyMasterControl` bit(1) DEFAULT NULL,
  `manytomanyJoinColumnPpposite` varchar(255) DEFAULT NULL,
  `manytomanyJoinColumnSelf` varchar(255) DEFAULT NULL,
  `manytomanyJoinTable` varchar(255) DEFAULT NULL,
  `manytomanyJoinColumnOpposite` varchar(255) DEFAULT NULL,
  `manytomanyMappedBy` varchar(255) DEFAULT NULL,
  PRIMARY KEY (`id`),
  KEY `FK_bce2jtqan06c72s1bh1gco97b` (`genEntity_id`),
  CONSTRAINT `FK_bce2jtqan06c72s1bh1gco97b` FOREIGN KEY (`genEntity_id`) REFERENCES `zht_gen_entity` (`id`)
) ENGINE=InnoDB AUTO_INCREMENT=519 DEFAULT CHARSET=utf8;

/*Data for the table `zht_entity_property` */

insert  into `zht_entity_property`(`id`,`columnName`,`columnWidth`,`condtionDisplay`,`display_z`,`editContent`,`editFinalContentStr`,`editType`,`isList`,`isLookUpDisplay`,`isQueryCondtion`,`isSorter`,`isTreeProperty`,`length_z`,`lookUpType`,`M2O_O2O_DisplayField`,`nullable_z`,`precision_z`,`propertyName`,`propertyType`,`queryType`,`relationType`,`scale_z`,`simpleFormat`,`unique_z`,`validateContent`,`validateType`,`genEntity_id`,`generatedEditOfPropertyStr`,`generatedHibernateModelOfPropertyStr`,`generatedListDisplayOfPropertyStr`,`generatedQueryOfPropertyStr`,`maxLength`,`minLength`,`max_length`,`max_value`,`min_length`,`min_value`,`isDateFutrue`,`isDatePost`,`manyToOneDisplayField`,`oneTomanyMappedBy`,`isManytomanyMasterControl`,`manytomanyJoinColumnPpposite`,`manytomanyJoinColumnSelf`,`manytomanyJoinTable`,`manytomanyJoinColumnOpposite`,`manytomanyMappedBy`) values (9,'zString',200,NULL,'zString','',NULL,'text','',NULL,'\0','\0',NULL,200,NULL,NULL,'',NULL,'zString','java.lang.String','','property',NULL,'','\0',NULL,'',26,'<input type=\"text\" name=\"zString\" value=\"${zString}\" class=\"easyui-validatebox textbox\"  data-options=\"  validType:\'length[0,200]\'\"/>','@javax.persistence.Column(name = \"zString\",unique = false,nullable = true,length = 200)',NULL,NULL,NULL,NULL,200,NULL,0,NULL,NULL,NULL,NULL,NULL,NULL,NULL,NULL,NULL,NULL,NULL),(10,'zLong',60,NULL,'zLong','',NULL,'text','',NULL,'','',NULL,NULL,NULL,NULL,'',NULL,'zLong','java.lang.Long','=','property',NULL,'','\0',NULL,NULL,26,'<input type=\"text\" name=\"zLong\" value=\"${zLong}\" class=\"easyui-numberbox textbox\"  data-options=\" min:0.0,max:9999999.0 \"/>','@javax.validation.constraints.Min(0) \r	@javax.validation.constraints.Max(9999999) \r	@javax.persistence.Column(name = \"zLong\",unique = false,nullable = true)','{field:\'zLong\',title:\'zLong\',width:60,},','<input type=\"text\" name=\"zLong\" value=\"${zLong}\" class=\"easyui-numberbox textbox\"  />',NULL,NULL,NULL,9999999,NULL,0,NULL,NULL,NULL,NULL,NULL,NULL,NULL,NULL,NULL,NULL),(11,'zInteger',60,NULL,'zInteger','',NULL,'text','',NULL,'','',NULL,NULL,NULL,NULL,'\0',NULL,'zInteger','java.lang.Integer','>','property',NULL,'','',NULL,NULL,26,'<input type=\"text\" name=\"zInteger\" value=\"${zInteger}\" class=\"easyui-numberbox textbox\"  data-options=\" required:true,min:0.0,max:999999.0 \"/>','@javax.validation.constraints.Min(0) \r	@javax.validation.constraints.Max(999999) \r	@javax.validation.constraints.NotNull \r	@javax.persistence.Column(name = \"zInteger\",unique = true,nullable = false)','{field:\'zInteger\',title:\'zInteger\',width:60,},','<input type=\"text\" name=\"zInteger\" value=\"${zInteger}\" class=\"easyui-numberbox textbox\"  />',NULL,NULL,NULL,999999,NULL,0,NULL,NULL,NULL,NULL,NULL,NULL,NULL,NULL,NULL,NULL),(12,'zShort',50,NULL,'zShort','',NULL,'text','',NULL,'','',NULL,NULL,NULL,NULL,'',NULL,'zShort','java.lang.Short','=','property',NULL,'','\0',NULL,NULL,26,'<input type=\"text\" name=\"zShort\" value=\"${zShort}\" class=\"easyui-numberbox textbox\"  data-options=\" min:0.0,max:999999.0 \"/>','@javax.validation.constraints.Min(0) \r	@javax.validation.constraints.Max(999999) \r	@javax.persistence.Column(name = \"zShort\",unique = false,nullable = true)','{field:\'zShort\',title:\'zShort\',width:50,},','<input type=\"text\" name=\"zShort\" value=\"${zShort}\" class=\"easyui-numberbox textbox\"  />',NULL,NULL,NULL,999999,NULL,0,NULL,NULL,NULL,NULL,NULL,NULL,NULL,NULL,NULL,NULL),(13,'zByte',100,NULL,'zByte','',NULL,'text','',NULL,'','\0',NULL,NULL,NULL,NULL,'',NULL,'zByte','java.lang.Byte','=','property',NULL,'','\0',NULL,NULL,26,'<input type=\"text\" name=\"zByte\" value=\"${zByte}\" class=\"easyui-numberbox textbox\"  data-options=\" min:0.0,max:127.0 \"/>','@javax.validation.constraints.Min(0) \r	@javax.validation.constraints.Max(127) \r	@javax.persistence.Column(name = \"zByte\",unique = false,nullable = true)','{field:\'zByte\',title:\'zByte\',width:100,},','<input type=\"text\" name=\"zByte\" value=\"${zByte}\" class=\"easyui-numberbox textbox\"  />',NULL,NULL,NULL,127,NULL,0,NULL,NULL,NULL,NULL,NULL,NULL,NULL,NULL,NULL,NULL),(14,'tBoolean',200,NULL,'tBoolean','{true-是}{false-否}',NULL,'select','',NULL,'','',NULL,NULL,NULL,NULL,'',NULL,'tBoolean','java.lang.Boolean','=','property',NULL,'formatter: function(value,row){  if(true==value){   return 启用;   }else if(false==value){   return 禁用;   } }','\0',NULL,NULL,26,'<select  name=\"tBoolean\" class=\"easyui-combobox\"  >\r\n<option value=\"true\" <c:if test=\"${demoEntity.tBoolean eq true }\">selected=\'selected\' </c:if> >是</option>\r\n<option value=\"false\" <c:if test=\"${demoEntity.tBoolean eq false }\">selected=\'selected\' </c:if> >否</option>\r\n</select>','@javax.persistence.Column(name = \"tBoolean\",nullable = true )','{field:\'tBoolean\',title:\'tBoolean\',width:200,formatter: function(value,row){  if(true==value){   return 启用;   }else if(false==value){   return 禁用;   } }},','<select  name=\"tBoolean\" class=\"easyui-combobox\"  >\r\n<option value=\"true\">是</option>\r\n<option value=\"false\">否</option>\r\n</select>',NULL,NULL,NULL,NULL,NULL,NULL,NULL,NULL,NULL,NULL,NULL,NULL,NULL,NULL,NULL,NULL),(15,'tDouble',200,NULL,'tDouble','',NULL,'text','',NULL,'','',NULL,NULL,NULL,NULL,'',20,'tDouble','java.lang.Double','=','property',9,'','\0',NULL,NULL,26,'<input type=\"text\" name=\"tDouble\" value=\"${tDouble}\" class=\"easyui-numberbox textbox\"  data-options=\" min:0.0,max:99999.0,scale:9 \"/>','@javax.validation.constraints.DecimalMin(\"0.0\") \r	@javax.validation.constraints.DecimalMax(\"99999.0\") \r	@javax.persistence.Column(name = \"tDouble\",precision = 20,scale = 9,unique = false,nullable = true)','{field:\'tDouble\',title:\'tDouble\',width:200,},','<input type=\"text\" name=\"tDouble\" value=\"${tDouble}\" class=\"easyui-numberbox textbox\"  />',NULL,NULL,NULL,99999,NULL,0,NULL,NULL,NULL,NULL,NULL,NULL,NULL,NULL,NULL,NULL),(16,'tFloat',200,NULL,'tFloat','',NULL,'text','',NULL,'','',NULL,NULL,NULL,NULL,'',10,'tFloat','java.lang.Float','=','property',6,'','\0',NULL,NULL,26,'<input type=\"text\" name=\"tFloat\" value=\"${tFloat}\" class=\"easyui-numberbox textbox\"  data-options=\" min:0.0,max:9999.0,scale:6 \"/>','@javax.validation.constraints.DecimalMin(\"0.0\") \r	@javax.validation.constraints.DecimalMax(\"9999.0\") \r	@javax.persistence.Column(name = \"tFloat\",precision = 10,scale = 6,unique = false,nullable = true)','{field:\'tFloat\',title:\'tFloat\',width:200,},','<input type=\"text\" name=\"tFloat\" value=\"${tFloat}\" class=\"easyui-numberbox textbox\"  />',NULL,NULL,NULL,9999,NULL,0,NULL,NULL,NULL,NULL,NULL,NULL,NULL,NULL,NULL,NULL),(17,'tBigDecimal',100,NULL,'tBigDecimal','',NULL,'text','',NULL,'','',NULL,NULL,NULL,NULL,'',20,'tBigDecimal','java.math.BigDecimal','=','property',10,'','\0',NULL,NULL,26,'<input type=\"text\" name=\"tBigDecimal\" value=\"${tBigDecimal}\" class=\"easyui-numberbox textbox\"  data-options=\" min:0.0,max:99999.0,scale:10 \"/>','@javax.validation.constraints.DecimalMin(\"0.0\") \r	@javax.validation.constraints.DecimalMax(\"99999.0\") \r	@javax.persistence.Column(name = \"tBigDecimal\",precision = 20,scale = 10,unique = false,nullable = true)','{field:\'tBigDecimal\',title:\'tBigDecimal\',width:100,},','<input type=\"text\" name=\"tBigDecimal\" value=\"${tBigDecimal}\" class=\"easyui-numberbox textbox\"  />',NULL,NULL,NULL,99999,NULL,0,NULL,NULL,NULL,NULL,NULL,NULL,NULL,NULL,NULL,NULL),(18,'tDate',200,NULL,'tDate',NULL,NULL,'date','',NULL,'','',NULL,NULL,NULL,NULL,'',NULL,'tDate','java.util.Date','>','property',NULL,'','\0',NULL,NULL,26,'<input type=\"text\" name=\"tDate\" value=\"${tDate}\" easyui-datebox  data-options=\" \"/>','@javax.validation.constraints.Past\r	@org.springframework.format.annotation.DateTimeFormat(pattern = \"yyyy-MM-dd\")\r	@javax.persistence.Temporal(javax.persistence.TemporalType.DATE)\r	@javax.persistence.Column(name = \"tDate\")','{field:\'tDate\',title:\'tDate\',width:200,},','<input type=\"text\" name=\"tDate\" value=\"${tDate}\" easyui-datebox  />',NULL,NULL,NULL,NULL,NULL,NULL,'\0','',NULL,NULL,NULL,NULL,NULL,NULL,NULL,NULL),(200,'tDateTime',200,NULL,'tDateTime',NULL,NULL,'datetime','',NULL,'','',NULL,NULL,NULL,NULL,'',NULL,'tDateTime','java.util.Date','>','property',NULL,'','\0',NULL,NULL,26,'<input type=\"text\" name=\"tDateTime\" value=\"${tDateTime}\" easyui-datetimebox  data-options=\" \"/>','@javax.validation.constraints.Future\r	@org.springframework.format.annotation.DateTimeFormat(pattern = \"yyyy-MM-dd HH:mm:ss\")\r	@javax.persistence.Temporal(javax.persistence.TemporalType.TIMESTAMP)\r	@javax.persistence.Column(name = \"tDateTime\")','{field:\'tDateTime\',title:\'tDateTime\',width:200,},','<input type=\"text\" name=\"tDateTime\" value=\"${tDateTime}\" easyui-datetimebox  />',NULL,NULL,NULL,NULL,NULL,NULL,'',NULL,NULL,NULL,NULL,NULL,NULL,NULL,NULL,NULL),(201,'tDateCurrent',200,NULL,'tDateCurrent',NULL,NULL,'autoCurrentTime','',NULL,'','\0',NULL,NULL,NULL,NULL,'',NULL,'tDateCurrent','java.util.Date','=','property',NULL,'','\0',NULL,NULL,26,'<input type=\"text\" name=\"tDateCurrent\" value=\"${tDateCurrent}\" easyui-datetimebox  data-options=\" \"/>','@com.zht.framework.core.annos.CurrentTimeStamp\r	@org.springframework.format.annotation.DateTimeFormat(pattern = \"yyyy-MM-dd HH:mm:ss\")\r	@javax.persistence.Temporal(javax.persistence.TemporalType.TIMESTAMP)\r	@javax.persistence.Column(name = \"tDateCurrent\")','{field:\'tDateCurrent\',title:\'tDateCurrent\',width:200,},','<input type=\"text\" name=\"tDateCurrent\" value=\"${tDateCurrent}\" easyui-datetimebox  />',NULL,NULL,NULL,NULL,NULL,NULL,NULL,NULL,NULL,NULL,NULL,NULL,NULL,NULL,NULL,NULL),(202,'dis_index',NULL,NULL,NULL,NULL,NULL,NULL,NULL,NULL,NULL,NULL,NULL,255,NULL,NULL,'\0',19,'disIndex','integer',NULL,'property',2,NULL,'\0',NULL,NULL,1,NULL,NULL,NULL,NULL,NULL,NULL,NULL,NULL,NULL,NULL,NULL,NULL,NULL,NULL,NULL,NULL,NULL,NULL,NULL,NULL),(203,'display',NULL,NULL,NULL,NULL,NULL,NULL,NULL,NULL,NULL,NULL,NULL,32,NULL,NULL,'\0',19,'display','string',NULL,'property',2,NULL,'',NULL,NULL,1,NULL,NULL,NULL,NULL,NULL,NULL,NULL,NULL,NULL,NULL,NULL,NULL,NULL,NULL,NULL,NULL,NULL,NULL,NULL,NULL),(204,'enabled',NULL,NULL,NULL,NULL,NULL,NULL,NULL,NULL,NULL,NULL,NULL,255,NULL,NULL,'\0',19,'enabled','boolean',NULL,'property',2,NULL,'\0',NULL,NULL,1,NULL,NULL,NULL,NULL,NULL,NULL,NULL,NULL,NULL,NULL,NULL,NULL,NULL,NULL,NULL,NULL,NULL,NULL,NULL,NULL),(205,'icon',NULL,NULL,NULL,NULL,NULL,NULL,NULL,NULL,NULL,NULL,NULL,20,NULL,NULL,'',19,'icon','string',NULL,'property',2,NULL,'\0',NULL,NULL,1,NULL,NULL,NULL,NULL,NULL,NULL,NULL,NULL,NULL,NULL,NULL,NULL,NULL,NULL,NULL,NULL,NULL,NULL,NULL,NULL),(206,NULL,NULL,NULL,NULL,NULL,NULL,NULL,NULL,NULL,NULL,NULL,NULL,NULL,NULL,NULL,NULL,NULL,'rbacMenus','Set',NULL,'OneToMany',NULL,NULL,NULL,NULL,NULL,1,NULL,NULL,NULL,NULL,NULL,NULL,NULL,NULL,NULL,NULL,NULL,NULL,NULL,NULL,NULL,NULL,NULL,NULL,NULL,NULL),(207,'remark',NULL,NULL,NULL,NULL,NULL,NULL,NULL,NULL,NULL,NULL,NULL,30,NULL,NULL,'',19,'remark','string',NULL,'property',2,NULL,'\0',NULL,NULL,1,NULL,NULL,NULL,NULL,NULL,NULL,NULL,NULL,NULL,NULL,NULL,NULL,NULL,NULL,NULL,NULL,NULL,NULL,NULL,NULL),(208,'date',NULL,NULL,NULL,NULL,NULL,NULL,NULL,NULL,NULL,NULL,NULL,255,NULL,NULL,'',19,'date','date',NULL,'property',2,NULL,'\0',NULL,NULL,2,NULL,NULL,NULL,NULL,NULL,NULL,NULL,NULL,NULL,NULL,NULL,NULL,NULL,NULL,NULL,NULL,NULL,NULL,NULL,NULL),(209,'description',NULL,NULL,NULL,NULL,NULL,NULL,NULL,NULL,NULL,NULL,NULL,30,NULL,NULL,'\0',19,'description','string',NULL,'property',2,NULL,'\0',NULL,NULL,2,NULL,NULL,NULL,NULL,NULL,NULL,NULL,NULL,NULL,NULL,NULL,NULL,NULL,NULL,NULL,NULL,NULL,NULL,NULL,NULL),(210,'enabled',NULL,NULL,NULL,NULL,NULL,NULL,NULL,NULL,NULL,NULL,NULL,255,NULL,NULL,'\0',19,'enabled','boolean',NULL,'property',2,NULL,'\0',NULL,NULL,2,NULL,NULL,NULL,NULL,NULL,NULL,NULL,NULL,NULL,NULL,NULL,NULL,NULL,NULL,NULL,NULL,NULL,NULL,NULL,NULL),(211,'full_time',NULL,NULL,NULL,NULL,NULL,NULL,NULL,NULL,NULL,NULL,NULL,255,NULL,NULL,'',19,'fullTime','timestamp',NULL,'property',2,NULL,'\0',NULL,NULL,2,NULL,NULL,NULL,NULL,NULL,NULL,NULL,NULL,NULL,NULL,NULL,NULL,NULL,NULL,NULL,NULL,NULL,NULL,NULL,NULL),(212,'loginname',NULL,NULL,NULL,NULL,NULL,NULL,NULL,NULL,NULL,NULL,NULL,60,NULL,NULL,'\0',19,'loginname','string',NULL,'property',2,NULL,'',NULL,NULL,2,NULL,NULL,NULL,NULL,NULL,NULL,NULL,NULL,NULL,NULL,NULL,NULL,NULL,NULL,NULL,NULL,NULL,NULL,NULL,NULL),(213,'password',NULL,NULL,NULL,NULL,NULL,NULL,NULL,NULL,NULL,NULL,NULL,60,NULL,NULL,'\0',19,'password','string',NULL,'property',2,NULL,'\0',NULL,NULL,2,NULL,NULL,NULL,NULL,NULL,NULL,NULL,NULL,NULL,NULL,NULL,NULL,NULL,NULL,NULL,NULL,NULL,NULL,NULL,NULL),(214,'time_only',NULL,NULL,NULL,NULL,NULL,NULL,NULL,NULL,NULL,NULL,NULL,255,NULL,NULL,'',19,'timeOnly','time',NULL,'property',2,NULL,'\0',NULL,NULL,2,NULL,NULL,NULL,NULL,NULL,NULL,NULL,NULL,NULL,NULL,NULL,NULL,NULL,NULL,NULL,NULL,NULL,NULL,NULL,NULL),(215,'time_stamp',NULL,NULL,NULL,NULL,NULL,NULL,NULL,NULL,NULL,NULL,NULL,255,NULL,NULL,'',19,'timestamp','timestamp',NULL,'property',2,NULL,'\0',NULL,NULL,2,NULL,NULL,NULL,NULL,NULL,NULL,NULL,NULL,NULL,NULL,NULL,NULL,NULL,NULL,NULL,NULL,NULL,NULL,NULL,NULL),(216,'date',NULL,NULL,NULL,NULL,NULL,NULL,NULL,NULL,NULL,NULL,NULL,255,NULL,NULL,'',19,'date','date',NULL,'property',2,NULL,'\0',NULL,NULL,3,NULL,NULL,NULL,NULL,NULL,NULL,NULL,NULL,NULL,NULL,NULL,NULL,NULL,NULL,NULL,NULL,NULL,NULL,NULL,NULL),(217,'description',NULL,NULL,NULL,NULL,NULL,NULL,NULL,NULL,NULL,NULL,NULL,30,NULL,NULL,'\0',19,'description','string',NULL,'property',2,NULL,'\0',NULL,NULL,3,NULL,NULL,NULL,NULL,NULL,NULL,NULL,NULL,NULL,NULL,NULL,NULL,NULL,NULL,NULL,NULL,NULL,NULL,NULL,NULL),(218,'enabled',NULL,NULL,NULL,NULL,NULL,NULL,NULL,NULL,NULL,NULL,NULL,255,NULL,NULL,'\0',19,'enabled','boolean',NULL,'property',2,NULL,'\0',NULL,NULL,3,NULL,NULL,NULL,NULL,NULL,NULL,NULL,NULL,NULL,NULL,NULL,NULL,NULL,NULL,NULL,NULL,NULL,NULL,NULL,NULL),(219,'full_time',NULL,NULL,NULL,NULL,NULL,NULL,NULL,NULL,NULL,NULL,NULL,255,NULL,NULL,'',19,'fullTime','timestamp',NULL,'property',2,NULL,'\0',NULL,NULL,3,NULL,NULL,NULL,NULL,NULL,NULL,NULL,NULL,NULL,NULL,NULL,NULL,NULL,NULL,NULL,NULL,NULL,NULL,NULL,NULL),(220,'loginname',NULL,NULL,NULL,NULL,NULL,NULL,NULL,NULL,NULL,NULL,NULL,60,NULL,NULL,'\0',19,'loginname','string',NULL,'property',2,NULL,'',NULL,NULL,3,NULL,NULL,NULL,NULL,NULL,NULL,NULL,NULL,NULL,NULL,NULL,NULL,NULL,NULL,NULL,NULL,NULL,NULL,NULL,NULL),(221,'password',NULL,NULL,NULL,NULL,NULL,NULL,NULL,NULL,NULL,NULL,NULL,60,NULL,NULL,'\0',19,'password','string',NULL,'property',2,NULL,'\0',NULL,NULL,3,NULL,NULL,NULL,NULL,NULL,NULL,NULL,NULL,NULL,NULL,NULL,NULL,NULL,NULL,NULL,NULL,NULL,NULL,NULL,NULL),(222,'time_only',NULL,NULL,NULL,NULL,NULL,NULL,NULL,NULL,NULL,NULL,NULL,255,NULL,NULL,'',19,'timeOnly','time',NULL,'property',2,NULL,'\0',NULL,NULL,3,NULL,NULL,NULL,NULL,NULL,NULL,NULL,NULL,NULL,NULL,NULL,NULL,NULL,NULL,NULL,NULL,NULL,NULL,NULL,NULL),(223,'time_stamp',NULL,NULL,NULL,NULL,NULL,NULL,NULL,NULL,NULL,NULL,NULL,255,NULL,NULL,'',19,'timestamp','timestamp',NULL,'property',2,NULL,'\0',NULL,NULL,3,NULL,NULL,NULL,NULL,NULL,NULL,NULL,NULL,NULL,NULL,NULL,NULL,NULL,NULL,NULL,NULL,NULL,NULL,NULL,NULL),(224,NULL,NULL,NULL,NULL,NULL,NULL,NULL,NULL,NULL,NULL,NULL,NULL,NULL,NULL,NULL,NULL,NULL,'childRbacMenus','Set',NULL,'OneToMany',NULL,NULL,NULL,NULL,NULL,4,NULL,NULL,NULL,NULL,NULL,NULL,NULL,NULL,NULL,NULL,NULL,NULL,NULL,NULL,NULL,NULL,NULL,NULL,NULL,NULL),(225,'description',NULL,NULL,NULL,NULL,NULL,NULL,NULL,NULL,NULL,NULL,NULL,60,NULL,NULL,'',19,'description','string',NULL,'property',2,NULL,'\0',NULL,NULL,4,NULL,NULL,NULL,NULL,NULL,NULL,NULL,NULL,NULL,NULL,NULL,NULL,NULL,NULL,NULL,NULL,NULL,NULL,NULL,NULL),(226,'dis_index',NULL,NULL,NULL,NULL,NULL,NULL,NULL,NULL,NULL,NULL,NULL,255,NULL,NULL,'',19,'disIndex','integer',NULL,'property',2,NULL,'\0',NULL,NULL,4,NULL,NULL,NULL,NULL,NULL,NULL,NULL,NULL,NULL,NULL,NULL,NULL,NULL,NULL,NULL,NULL,NULL,NULL,NULL,NULL),(227,'display',NULL,NULL,NULL,NULL,NULL,NULL,NULL,NULL,NULL,NULL,NULL,40,NULL,NULL,'\0',19,'display','string',NULL,'property',2,NULL,'\0',NULL,NULL,4,NULL,NULL,NULL,NULL,NULL,NULL,NULL,NULL,NULL,NULL,NULL,NULL,NULL,NULL,NULL,NULL,NULL,NULL,NULL,NULL),(228,'iconCls',NULL,NULL,NULL,NULL,NULL,NULL,NULL,NULL,NULL,NULL,NULL,40,NULL,NULL,'\0',19,'iconCls','string',NULL,'property',2,NULL,'\0',NULL,NULL,4,NULL,NULL,NULL,NULL,NULL,NULL,NULL,NULL,NULL,NULL,NULL,NULL,NULL,NULL,NULL,NULL,NULL,NULL,NULL,NULL),(229,'parent_id',NULL,NULL,NULL,NULL,NULL,NULL,NULL,NULL,NULL,NULL,NULL,255,NULL,NULL,'',19,'parentRbacMenu','RbacMenu',NULL,'ManyToOne',2,NULL,'\0',NULL,NULL,4,NULL,NULL,NULL,NULL,NULL,NULL,NULL,NULL,NULL,NULL,NULL,NULL,NULL,NULL,NULL,NULL,NULL,NULL,NULL,NULL),(230,'module_id',NULL,NULL,NULL,NULL,NULL,NULL,NULL,NULL,NULL,NULL,NULL,255,NULL,NULL,'',19,'rbacModule','RbacModule',NULL,'ManyToOne',2,NULL,'\0',NULL,NULL,4,NULL,NULL,NULL,NULL,NULL,NULL,NULL,NULL,NULL,NULL,NULL,NULL,NULL,NULL,NULL,NULL,NULL,NULL,NULL,NULL),(231,'permission_id',NULL,NULL,NULL,NULL,NULL,NULL,NULL,NULL,NULL,NULL,NULL,255,NULL,NULL,'',19,'rbacPermission','RbacPermission',NULL,'ManyToOne',2,NULL,'\0',NULL,NULL,4,NULL,NULL,NULL,NULL,NULL,NULL,NULL,NULL,NULL,NULL,NULL,NULL,NULL,NULL,NULL,NULL,NULL,NULL,NULL,NULL),(232,'tab_title',NULL,NULL,NULL,NULL,NULL,NULL,NULL,NULL,NULL,NULL,NULL,40,NULL,NULL,'',19,'tabTitle','string',NULL,'property',2,NULL,'\0',NULL,NULL,4,NULL,NULL,NULL,NULL,NULL,NULL,NULL,NULL,NULL,NULL,NULL,NULL,NULL,NULL,NULL,NULL,NULL,NULL,NULL,NULL),(233,'type',NULL,NULL,NULL,NULL,NULL,NULL,NULL,NULL,NULL,NULL,NULL,1,NULL,NULL,'',19,'type','string',NULL,'property',2,NULL,'\0',NULL,NULL,4,NULL,NULL,NULL,NULL,NULL,NULL,NULL,NULL,NULL,NULL,NULL,NULL,NULL,NULL,NULL,NULL,NULL,NULL,NULL,NULL),(234,NULL,NULL,NULL,NULL,NULL,NULL,NULL,NULL,NULL,NULL,NULL,NULL,NULL,NULL,NULL,NULL,NULL,'childRbacResources','Set',NULL,'OneToMany',NULL,NULL,NULL,NULL,NULL,5,NULL,NULL,NULL,NULL,NULL,NULL,NULL,NULL,NULL,NULL,NULL,NULL,NULL,NULL,NULL,NULL,NULL,NULL,NULL,NULL),(235,'description',NULL,NULL,NULL,NULL,NULL,NULL,NULL,NULL,NULL,NULL,NULL,40,NULL,NULL,'',19,'description','string',NULL,'property',2,NULL,'\0',NULL,NULL,5,NULL,NULL,NULL,NULL,NULL,NULL,NULL,NULL,NULL,NULL,NULL,NULL,NULL,NULL,NULL,NULL,NULL,NULL,NULL,NULL),(236,'dis_index',NULL,NULL,NULL,NULL,NULL,NULL,NULL,NULL,NULL,NULL,NULL,255,NULL,NULL,'',19,'disIndex','integer',NULL,'property',2,NULL,'\0',NULL,NULL,5,NULL,NULL,NULL,NULL,NULL,NULL,NULL,NULL,NULL,NULL,NULL,NULL,NULL,NULL,NULL,NULL,NULL,NULL,NULL,NULL),(237,'icon',NULL,NULL,NULL,NULL,NULL,NULL,NULL,NULL,NULL,NULL,NULL,10,NULL,NULL,'',19,'icon','string',NULL,'property',2,NULL,'\0',NULL,NULL,5,NULL,NULL,NULL,NULL,NULL,NULL,NULL,NULL,NULL,NULL,NULL,NULL,NULL,NULL,NULL,NULL,NULL,NULL,NULL,NULL),(238,'name',NULL,NULL,NULL,NULL,NULL,NULL,NULL,NULL,NULL,NULL,NULL,40,NULL,NULL,'\0',19,'name','string',NULL,'property',2,NULL,'\0',NULL,NULL,5,NULL,NULL,NULL,NULL,NULL,NULL,NULL,NULL,NULL,NULL,NULL,NULL,NULL,NULL,NULL,NULL,NULL,NULL,NULL,NULL),(239,'parent_id',NULL,NULL,NULL,NULL,NULL,NULL,NULL,NULL,NULL,NULL,NULL,255,NULL,NULL,'',19,'parentRbacResource','RbacResource',NULL,'ManyToOne',2,NULL,'\0',NULL,NULL,5,NULL,NULL,NULL,NULL,NULL,NULL,NULL,NULL,NULL,NULL,NULL,NULL,NULL,NULL,NULL,NULL,NULL,NULL,NULL,NULL),(240,NULL,NULL,NULL,NULL,NULL,NULL,NULL,NULL,NULL,NULL,NULL,NULL,NULL,NULL,NULL,NULL,NULL,'rbacPermissions','Set',NULL,'OneToMany',NULL,NULL,NULL,NULL,NULL,5,NULL,NULL,NULL,NULL,NULL,NULL,NULL,NULL,NULL,NULL,NULL,NULL,NULL,NULL,NULL,NULL,NULL,NULL,NULL,NULL),(241,NULL,NULL,NULL,NULL,NULL,NULL,NULL,NULL,NULL,NULL,NULL,NULL,NULL,NULL,NULL,NULL,NULL,'SysDepartRoles','Set',NULL,'OneToMany',NULL,NULL,NULL,NULL,NULL,6,NULL,NULL,NULL,NULL,NULL,NULL,NULL,NULL,NULL,NULL,NULL,NULL,NULL,NULL,NULL,NULL,NULL,NULL,NULL,NULL),(242,NULL,NULL,NULL,NULL,NULL,NULL,NULL,NULL,NULL,NULL,NULL,NULL,NULL,NULL,NULL,NULL,NULL,'childSysDepartments','Set',NULL,'OneToMany',NULL,NULL,NULL,NULL,NULL,6,NULL,NULL,NULL,NULL,NULL,NULL,NULL,NULL,NULL,NULL,NULL,NULL,NULL,NULL,NULL,NULL,NULL,NULL,NULL,NULL),(243,'create_time',NULL,NULL,NULL,NULL,NULL,NULL,NULL,NULL,NULL,NULL,NULL,255,NULL,NULL,'',19,'createTime','timestamp',NULL,'property',2,NULL,'\0',NULL,NULL,6,NULL,NULL,NULL,NULL,NULL,NULL,NULL,NULL,NULL,NULL,NULL,NULL,NULL,NULL,NULL,NULL,NULL,NULL,NULL,NULL),(244,'creater',NULL,NULL,NULL,NULL,NULL,NULL,NULL,NULL,NULL,NULL,NULL,30,NULL,NULL,'',19,'creater','string',NULL,'property',2,NULL,'\0',NULL,NULL,6,NULL,NULL,NULL,NULL,NULL,NULL,NULL,NULL,NULL,NULL,NULL,NULL,NULL,NULL,NULL,NULL,NULL,NULL,NULL,NULL),(245,'description',NULL,NULL,NULL,NULL,NULL,NULL,NULL,NULL,NULL,NULL,NULL,60,NULL,NULL,'',19,'description','string',NULL,'property',2,NULL,'\0',NULL,NULL,6,NULL,NULL,NULL,NULL,NULL,NULL,NULL,NULL,NULL,NULL,NULL,NULL,NULL,NULL,NULL,NULL,NULL,NULL,NULL,NULL),(246,'enabled',NULL,NULL,NULL,NULL,NULL,NULL,NULL,NULL,NULL,NULL,NULL,255,NULL,NULL,'\0',19,'enabled','boolean',NULL,'property',2,NULL,'\0',NULL,NULL,6,NULL,NULL,NULL,NULL,NULL,NULL,NULL,NULL,NULL,NULL,NULL,NULL,NULL,NULL,NULL,NULL,NULL,NULL,NULL,NULL),(247,'name',NULL,NULL,NULL,NULL,NULL,NULL,NULL,NULL,NULL,NULL,NULL,30,NULL,NULL,'\0',19,'name','string',NULL,'property',2,NULL,'',NULL,NULL,6,NULL,NULL,NULL,NULL,NULL,NULL,NULL,NULL,NULL,NULL,NULL,NULL,NULL,NULL,NULL,NULL,NULL,NULL,NULL,NULL),(248,'parent_id',NULL,NULL,NULL,NULL,NULL,NULL,NULL,NULL,NULL,NULL,NULL,255,NULL,NULL,'',19,'parentSysDepartment','SysDepartment',NULL,'ManyToOne',2,NULL,'\0',NULL,NULL,6,NULL,NULL,NULL,NULL,NULL,NULL,NULL,NULL,NULL,NULL,NULL,NULL,NULL,NULL,NULL,NULL,NULL,NULL,NULL,NULL),(249,NULL,NULL,NULL,NULL,NULL,NULL,NULL,NULL,NULL,NULL,NULL,NULL,NULL,NULL,NULL,NULL,NULL,'sysDepartUsers','Set',NULL,'OneToMany',NULL,NULL,NULL,NULL,NULL,6,NULL,NULL,NULL,NULL,NULL,NULL,NULL,NULL,NULL,NULL,NULL,NULL,NULL,NULL,NULL,NULL,NULL,NULL,NULL,NULL),(250,'code',NULL,NULL,NULL,NULL,NULL,NULL,NULL,NULL,NULL,NULL,NULL,40,NULL,NULL,'\0',19,'code','string',NULL,'property',2,NULL,'\0',NULL,NULL,7,NULL,NULL,NULL,NULL,NULL,NULL,NULL,NULL,NULL,NULL,NULL,NULL,NULL,NULL,NULL,NULL,NULL,NULL,NULL,NULL),(251,'description',NULL,NULL,NULL,NULL,NULL,NULL,NULL,NULL,NULL,NULL,NULL,60,NULL,NULL,'',19,'description','string',NULL,'property',2,NULL,'\0',NULL,NULL,7,NULL,NULL,NULL,NULL,NULL,NULL,NULL,NULL,NULL,NULL,NULL,NULL,NULL,NULL,NULL,NULL,NULL,NULL,NULL,NULL),(252,'enabled',NULL,NULL,NULL,NULL,NULL,NULL,NULL,NULL,NULL,NULL,NULL,255,NULL,NULL,'\0',19,'enabled','boolean',NULL,'property',2,NULL,'\0',NULL,NULL,7,NULL,NULL,NULL,NULL,NULL,NULL,NULL,NULL,NULL,NULL,NULL,NULL,NULL,NULL,NULL,NULL,NULL,NULL,NULL,NULL),(253,'name',NULL,NULL,NULL,NULL,NULL,NULL,NULL,NULL,NULL,NULL,NULL,40,NULL,NULL,'\0',19,'name','string',NULL,'property',2,NULL,'\0',NULL,NULL,7,NULL,NULL,NULL,NULL,NULL,NULL,NULL,NULL,NULL,NULL,NULL,NULL,NULL,NULL,NULL,NULL,NULL,NULL,NULL,NULL),(254,NULL,NULL,NULL,NULL,NULL,NULL,NULL,NULL,NULL,NULL,NULL,NULL,NULL,NULL,NULL,NULL,NULL,'rbacGroupRoles','Set',NULL,'OneToMany',NULL,NULL,NULL,NULL,NULL,7,NULL,NULL,NULL,NULL,NULL,NULL,NULL,NULL,NULL,NULL,NULL,NULL,NULL,NULL,NULL,NULL,NULL,NULL,NULL,NULL),(255,NULL,NULL,NULL,NULL,NULL,NULL,NULL,NULL,NULL,NULL,NULL,NULL,NULL,NULL,NULL,NULL,NULL,'rbacRolePermission','Set',NULL,'ManyToMany',NULL,NULL,NULL,NULL,NULL,7,NULL,NULL,NULL,NULL,NULL,NULL,NULL,NULL,NULL,NULL,NULL,NULL,NULL,NULL,NULL,NULL,NULL,NULL,NULL,NULL),(256,NULL,NULL,NULL,NULL,NULL,NULL,NULL,NULL,NULL,NULL,NULL,NULL,NULL,NULL,NULL,NULL,NULL,'sysDepartments','Set',NULL,'OneToMany',NULL,NULL,NULL,NULL,NULL,7,NULL,NULL,NULL,NULL,NULL,NULL,NULL,NULL,NULL,NULL,NULL,NULL,NULL,NULL,NULL,NULL,NULL,NULL,NULL,NULL),(257,'code',NULL,NULL,NULL,NULL,NULL,NULL,NULL,NULL,NULL,NULL,NULL,40,NULL,NULL,'\0',19,'code','string',NULL,'property',2,NULL,'\0',NULL,NULL,8,NULL,NULL,NULL,NULL,NULL,NULL,NULL,NULL,NULL,NULL,NULL,NULL,NULL,NULL,NULL,NULL,NULL,NULL,NULL,NULL),(258,'description',NULL,NULL,NULL,NULL,NULL,NULL,NULL,NULL,NULL,NULL,NULL,60,NULL,NULL,'',19,'description','string',NULL,'property',2,NULL,'\0',NULL,NULL,8,NULL,NULL,NULL,NULL,NULL,NULL,NULL,NULL,NULL,NULL,NULL,NULL,NULL,NULL,NULL,NULL,NULL,NULL,NULL,NULL),(259,'enabled',NULL,NULL,NULL,NULL,NULL,NULL,NULL,NULL,NULL,NULL,NULL,255,NULL,NULL,'\0',19,'enabled','boolean',NULL,'property',2,NULL,'\0',NULL,NULL,8,NULL,NULL,NULL,NULL,NULL,NULL,NULL,NULL,NULL,NULL,NULL,NULL,NULL,NULL,NULL,NULL,NULL,NULL,NULL,NULL),(260,'name',NULL,NULL,NULL,NULL,NULL,NULL,NULL,NULL,NULL,NULL,NULL,40,NULL,NULL,'\0',19,'name','string',NULL,'property',2,NULL,'\0',NULL,NULL,8,NULL,NULL,NULL,NULL,NULL,NULL,NULL,NULL,NULL,NULL,NULL,NULL,NULL,NULL,NULL,NULL,NULL,NULL,NULL,NULL),(261,'resource_id',NULL,NULL,NULL,NULL,NULL,NULL,NULL,NULL,NULL,NULL,NULL,255,NULL,NULL,'',19,'rbacResource','RbacResource',NULL,'ManyToOne',2,NULL,'\0',NULL,NULL,8,NULL,NULL,NULL,NULL,NULL,NULL,NULL,NULL,NULL,NULL,NULL,NULL,NULL,NULL,NULL,NULL,NULL,NULL,NULL,NULL),(262,NULL,NULL,NULL,NULL,NULL,NULL,NULL,NULL,NULL,NULL,NULL,NULL,NULL,NULL,NULL,NULL,NULL,'rbacRoles','Set',NULL,'ManyToMany',NULL,NULL,NULL,NULL,NULL,8,NULL,NULL,NULL,NULL,NULL,NULL,NULL,NULL,NULL,NULL,NULL,NULL,NULL,NULL,NULL,NULL,NULL,NULL,NULL,NULL),(263,'type',NULL,NULL,NULL,NULL,NULL,NULL,NULL,NULL,NULL,NULL,NULL,1,NULL,NULL,'\0',19,'type','string',NULL,'property',2,NULL,'\0',NULL,NULL,8,NULL,NULL,NULL,NULL,NULL,NULL,NULL,NULL,NULL,NULL,NULL,NULL,NULL,NULL,NULL,NULL,NULL,NULL,NULL,NULL),(264,'url',NULL,NULL,NULL,NULL,NULL,NULL,NULL,NULL,NULL,NULL,NULL,255,NULL,NULL,'\0',19,'url','string',NULL,'property',2,NULL,'\0',NULL,NULL,8,NULL,NULL,NULL,NULL,NULL,NULL,NULL,NULL,NULL,NULL,NULL,NULL,NULL,NULL,NULL,NULL,NULL,NULL,NULL,NULL),(265,'rbac_role_id',NULL,NULL,NULL,NULL,NULL,NULL,NULL,NULL,NULL,NULL,NULL,255,NULL,NULL,'',19,'rbacRole','RbacRole',NULL,'ManyToOne',2,NULL,'\0',NULL,NULL,9,NULL,NULL,NULL,NULL,NULL,NULL,NULL,NULL,NULL,NULL,NULL,NULL,NULL,NULL,NULL,NULL,NULL,NULL,NULL,NULL),(266,'sys_department_id',NULL,NULL,NULL,NULL,NULL,NULL,NULL,NULL,NULL,NULL,NULL,255,NULL,NULL,'',19,'sysDepartment','SysDepartment',NULL,'ManyToOne',2,NULL,'\0',NULL,NULL,9,NULL,NULL,NULL,NULL,NULL,NULL,NULL,NULL,NULL,NULL,NULL,NULL,NULL,NULL,NULL,NULL,NULL,NULL,NULL,NULL),(267,NULL,NULL,NULL,NULL,NULL,NULL,NULL,NULL,NULL,NULL,NULL,NULL,NULL,NULL,NULL,NULL,NULL,'childRbacGroups','Set',NULL,'OneToMany',NULL,NULL,NULL,NULL,NULL,10,NULL,NULL,NULL,NULL,NULL,NULL,NULL,NULL,NULL,NULL,NULL,NULL,NULL,NULL,NULL,NULL,NULL,NULL,NULL,NULL),(268,'create_time',NULL,NULL,NULL,NULL,NULL,NULL,NULL,NULL,NULL,NULL,NULL,255,NULL,NULL,'',19,'createTime','timestamp',NULL,'property',2,NULL,'\0',NULL,NULL,10,NULL,NULL,NULL,NULL,NULL,NULL,NULL,NULL,NULL,NULL,NULL,NULL,NULL,NULL,NULL,NULL,NULL,NULL,NULL,NULL),(269,'creater',NULL,NULL,NULL,NULL,NULL,NULL,NULL,NULL,NULL,NULL,NULL,30,NULL,NULL,'',19,'creater','string',NULL,'property',2,NULL,'\0',NULL,NULL,10,NULL,NULL,NULL,NULL,NULL,NULL,NULL,NULL,NULL,NULL,NULL,NULL,NULL,NULL,NULL,NULL,NULL,NULL,NULL,NULL),(270,'description',NULL,NULL,NULL,NULL,NULL,NULL,NULL,NULL,NULL,NULL,NULL,60,NULL,NULL,'',19,'description','string',NULL,'property',2,NULL,'\0',NULL,NULL,10,NULL,NULL,NULL,NULL,NULL,NULL,NULL,NULL,NULL,NULL,NULL,NULL,NULL,NULL,NULL,NULL,NULL,NULL,NULL,NULL),(271,'enabled',NULL,NULL,NULL,NULL,NULL,NULL,NULL,NULL,NULL,NULL,NULL,255,NULL,NULL,'\0',19,'enabled','boolean',NULL,'property',2,NULL,'\0',NULL,NULL,10,NULL,NULL,NULL,NULL,NULL,NULL,NULL,NULL,NULL,NULL,NULL,NULL,NULL,NULL,NULL,NULL,NULL,NULL,NULL,NULL),(272,'name',NULL,NULL,NULL,NULL,NULL,NULL,NULL,NULL,NULL,NULL,NULL,30,NULL,NULL,'\0',19,'name','string',NULL,'property',2,NULL,'',NULL,NULL,10,NULL,NULL,NULL,NULL,NULL,NULL,NULL,NULL,NULL,NULL,NULL,NULL,NULL,NULL,NULL,NULL,NULL,NULL,NULL,NULL),(273,'parent_id',NULL,NULL,NULL,NULL,NULL,NULL,NULL,NULL,NULL,NULL,NULL,255,NULL,NULL,'',19,'parentRbacGroup','RbacGroup',NULL,'ManyToOne',2,NULL,'\0',NULL,NULL,10,NULL,NULL,NULL,NULL,NULL,NULL,NULL,NULL,NULL,NULL,NULL,NULL,NULL,NULL,NULL,NULL,NULL,NULL,NULL,NULL),(274,NULL,NULL,NULL,NULL,NULL,NULL,NULL,NULL,NULL,NULL,NULL,NULL,NULL,NULL,NULL,NULL,NULL,'rbacGroupRoles','Set',NULL,'OneToMany',NULL,NULL,NULL,NULL,NULL,10,NULL,NULL,NULL,NULL,NULL,NULL,NULL,NULL,NULL,NULL,NULL,NULL,NULL,NULL,NULL,NULL,NULL,NULL,NULL,NULL),(275,NULL,NULL,NULL,NULL,NULL,NULL,NULL,NULL,NULL,NULL,NULL,NULL,NULL,NULL,NULL,NULL,NULL,'rbacGroupUsers','Set',NULL,'OneToMany',NULL,NULL,NULL,NULL,NULL,10,NULL,NULL,NULL,NULL,NULL,NULL,NULL,NULL,NULL,NULL,NULL,NULL,NULL,NULL,NULL,NULL,NULL,NULL,NULL,NULL),(276,'rbac_group_id',NULL,NULL,NULL,NULL,NULL,NULL,NULL,NULL,NULL,NULL,NULL,255,NULL,NULL,'',19,'rbacGroup','RbacGroup',NULL,'ManyToOne',2,NULL,'\0',NULL,NULL,11,NULL,NULL,NULL,NULL,NULL,NULL,NULL,NULL,NULL,NULL,NULL,NULL,NULL,NULL,NULL,NULL,NULL,NULL,NULL,NULL),(277,'rbac_role_id',NULL,NULL,NULL,NULL,NULL,NULL,NULL,NULL,NULL,NULL,NULL,255,NULL,NULL,'',19,'rbacRole','RbacRole',NULL,'ManyToOne',2,NULL,'\0',NULL,NULL,11,NULL,NULL,NULL,NULL,NULL,NULL,NULL,NULL,NULL,NULL,NULL,NULL,NULL,NULL,NULL,NULL,NULL,NULL,NULL,NULL),(278,'loginname',NULL,NULL,NULL,NULL,NULL,NULL,NULL,NULL,NULL,NULL,NULL,18,NULL,NULL,'',19,'ipAddress','string',NULL,'property',2,NULL,'\0',NULL,NULL,12,NULL,NULL,NULL,NULL,NULL,NULL,NULL,NULL,NULL,NULL,NULL,NULL,NULL,NULL,NULL,NULL,NULL,NULL,NULL,NULL),(279,'end_time',NULL,NULL,NULL,NULL,NULL,NULL,NULL,NULL,NULL,NULL,NULL,255,NULL,NULL,'',19,'loginTime','timestamp',NULL,'property',2,NULL,'\0',NULL,NULL,12,NULL,NULL,NULL,NULL,NULL,NULL,NULL,NULL,NULL,NULL,NULL,NULL,NULL,NULL,NULL,NULL,NULL,NULL,NULL,NULL),(280,'rbac_user_id',NULL,NULL,NULL,NULL,NULL,NULL,NULL,NULL,NULL,NULL,NULL,255,NULL,NULL,'',19,'rbacUser','RbacUser',NULL,'ManyToOne',2,NULL,'\0',NULL,NULL,12,NULL,NULL,NULL,NULL,NULL,NULL,NULL,NULL,NULL,NULL,NULL,NULL,NULL,NULL,NULL,NULL,NULL,NULL,NULL,NULL),(281,'columnName',NULL,NULL,NULL,NULL,NULL,NULL,NULL,NULL,NULL,NULL,NULL,30,NULL,NULL,'',19,'columnName','string',NULL,'property',2,NULL,'\0',NULL,NULL,25,NULL,NULL,NULL,NULL,NULL,NULL,NULL,NULL,NULL,NULL,NULL,NULL,NULL,NULL,NULL,NULL,NULL,NULL,NULL,NULL),(282,'columnWidth',NULL,NULL,NULL,NULL,NULL,NULL,NULL,NULL,NULL,NULL,NULL,255,NULL,NULL,'',19,'columnWidth','integer',NULL,'property',2,NULL,'\0',NULL,NULL,25,NULL,NULL,NULL,NULL,NULL,NULL,NULL,NULL,NULL,NULL,NULL,NULL,NULL,NULL,NULL,NULL,NULL,NULL,NULL,NULL),(283,'display_z',NULL,NULL,NULL,NULL,NULL,NULL,NULL,NULL,NULL,NULL,NULL,30,NULL,NULL,'',19,'display','string',NULL,'property',2,NULL,'\0',NULL,NULL,25,NULL,NULL,NULL,NULL,NULL,NULL,NULL,NULL,NULL,NULL,NULL,NULL,NULL,NULL,NULL,NULL,NULL,NULL,NULL,NULL),(284,'editContent',NULL,NULL,NULL,NULL,NULL,NULL,NULL,NULL,NULL,NULL,NULL,100,NULL,NULL,'',19,'editContent','string',NULL,'property',2,NULL,'\0',NULL,NULL,25,NULL,NULL,NULL,NULL,NULL,NULL,NULL,NULL,NULL,NULL,NULL,NULL,NULL,NULL,NULL,NULL,NULL,NULL,NULL,NULL),(285,'editFinalContentStr',NULL,NULL,NULL,NULL,NULL,NULL,NULL,NULL,NULL,NULL,NULL,300,NULL,NULL,'',19,'editFinalContentStr','string',NULL,'property',2,NULL,'\0',NULL,NULL,25,NULL,NULL,NULL,NULL,NULL,NULL,NULL,NULL,NULL,NULL,NULL,NULL,NULL,NULL,NULL,NULL,NULL,NULL,NULL,NULL),(286,'editType',NULL,NULL,NULL,NULL,NULL,NULL,NULL,NULL,NULL,NULL,NULL,30,NULL,NULL,'',19,'editType','string',NULL,'property',2,NULL,'\0',NULL,NULL,25,NULL,NULL,NULL,NULL,NULL,NULL,NULL,NULL,NULL,NULL,NULL,NULL,NULL,NULL,NULL,NULL,NULL,NULL,NULL,NULL),(287,'genEntity_id',NULL,NULL,NULL,NULL,NULL,NULL,NULL,NULL,NULL,NULL,NULL,255,NULL,NULL,'',19,'genEntity','GenEntity',NULL,'ManyToOne',2,NULL,'\0',NULL,NULL,25,NULL,NULL,NULL,NULL,NULL,NULL,NULL,NULL,NULL,NULL,NULL,NULL,NULL,NULL,NULL,NULL,NULL,NULL,NULL,NULL),(288,'generatedEditOfPropertyStr',NULL,NULL,NULL,NULL,NULL,NULL,NULL,NULL,NULL,NULL,NULL,1000,NULL,NULL,'',19,'generatedEditOfPropertyStr','string',NULL,'property',2,NULL,'\0',NULL,NULL,25,NULL,NULL,NULL,NULL,NULL,NULL,NULL,NULL,NULL,NULL,NULL,NULL,NULL,NULL,NULL,NULL,NULL,NULL,NULL,NULL),(289,'generatedHibernateModelOfPropertyStr',NULL,NULL,NULL,NULL,NULL,NULL,NULL,NULL,NULL,NULL,NULL,1000,NULL,NULL,'',19,'generatedHibernateModelOfPropertyStr','string',NULL,'property',2,NULL,'\0',NULL,NULL,25,NULL,NULL,NULL,NULL,NULL,NULL,NULL,NULL,NULL,NULL,NULL,NULL,NULL,NULL,NULL,NULL,NULL,NULL,NULL,NULL),(290,'generatedListDisplayOfPropertyStr',NULL,NULL,NULL,NULL,NULL,NULL,NULL,NULL,NULL,NULL,NULL,1000,NULL,NULL,'',19,'generatedListDisplayOfPropertyStr','string',NULL,'property',2,NULL,'\0',NULL,NULL,25,NULL,NULL,NULL,NULL,NULL,NULL,NULL,NULL,NULL,NULL,NULL,NULL,NULL,NULL,NULL,NULL,NULL,NULL,NULL,NULL),(291,'generatedQueryOfPropertyStr',NULL,NULL,NULL,NULL,NULL,NULL,NULL,NULL,NULL,NULL,NULL,1000,NULL,NULL,'',19,'generatedQueryOfPropertyStr','string',NULL,'property',2,NULL,'\0',NULL,NULL,25,NULL,NULL,NULL,NULL,NULL,NULL,NULL,NULL,NULL,NULL,NULL,NULL,NULL,NULL,NULL,NULL,NULL,NULL,NULL,NULL),(292,'isList',NULL,NULL,NULL,NULL,NULL,NULL,NULL,NULL,NULL,NULL,NULL,255,NULL,NULL,'',19,'isList','boolean',NULL,'property',2,NULL,'\0',NULL,NULL,25,NULL,NULL,NULL,NULL,NULL,NULL,NULL,NULL,NULL,NULL,NULL,NULL,NULL,NULL,NULL,NULL,NULL,NULL,NULL,NULL),(293,'isLookUpDisplay',NULL,NULL,NULL,NULL,NULL,NULL,NULL,NULL,NULL,NULL,NULL,255,NULL,NULL,'',19,'isLookUpDisplay','boolean',NULL,'property',2,NULL,'\0',NULL,NULL,25,NULL,NULL,NULL,NULL,NULL,NULL,NULL,NULL,NULL,NULL,NULL,NULL,NULL,NULL,NULL,NULL,NULL,NULL,NULL,NULL),(294,'isQueryCondtion',NULL,NULL,NULL,NULL,NULL,NULL,NULL,NULL,NULL,NULL,NULL,255,NULL,NULL,'',19,'isQueryCondtion','boolean',NULL,'property',2,NULL,'\0',NULL,NULL,25,NULL,NULL,NULL,NULL,NULL,NULL,NULL,NULL,NULL,NULL,NULL,NULL,NULL,NULL,NULL,NULL,NULL,NULL,NULL,NULL),(295,'isSorter',NULL,NULL,NULL,NULL,NULL,NULL,NULL,NULL,NULL,NULL,NULL,255,NULL,NULL,'',19,'isSorter','boolean',NULL,'property',2,NULL,'\0',NULL,NULL,25,NULL,NULL,NULL,NULL,NULL,NULL,NULL,NULL,NULL,NULL,NULL,NULL,NULL,NULL,NULL,NULL,NULL,NULL,NULL,NULL),(296,'isTreeProperty',NULL,NULL,NULL,NULL,NULL,NULL,NULL,NULL,NULL,NULL,NULL,255,NULL,NULL,'',19,'isTreeProperty','boolean',NULL,'property',2,NULL,'\0',NULL,NULL,25,NULL,NULL,NULL,NULL,NULL,NULL,NULL,NULL,NULL,NULL,NULL,NULL,NULL,NULL,NULL,NULL,NULL,NULL,NULL,NULL),(297,'length_z',NULL,NULL,NULL,NULL,NULL,NULL,NULL,NULL,NULL,NULL,NULL,255,NULL,NULL,'',19,'length','integer',NULL,'property',2,NULL,'\0',NULL,NULL,25,NULL,NULL,NULL,NULL,NULL,NULL,NULL,NULL,NULL,NULL,NULL,NULL,NULL,NULL,NULL,NULL,NULL,NULL,NULL,NULL),(298,'lookUpType',NULL,NULL,NULL,NULL,NULL,NULL,NULL,NULL,NULL,NULL,NULL,30,NULL,NULL,'',19,'lookUpType','string',NULL,'property',2,NULL,'\0',NULL,NULL,25,NULL,NULL,NULL,NULL,NULL,NULL,NULL,NULL,NULL,NULL,NULL,NULL,NULL,NULL,NULL,NULL,NULL,NULL,NULL,NULL),(299,'M2O_O2O_DisplayField',NULL,NULL,NULL,NULL,NULL,NULL,NULL,NULL,NULL,NULL,NULL,60,NULL,NULL,'',19,'mTOOTOField','string',NULL,NULL,2,NULL,'\0',NULL,NULL,25,NULL,NULL,NULL,NULL,NULL,NULL,NULL,NULL,NULL,NULL,NULL,NULL,NULL,NULL,NULL,NULL,NULL,NULL,NULL,NULL),(300,'max_length',NULL,NULL,NULL,NULL,NULL,NULL,NULL,NULL,NULL,NULL,NULL,255,NULL,NULL,'',19,'maxLength','integer',NULL,'property',2,NULL,'\0',NULL,NULL,25,NULL,NULL,NULL,NULL,NULL,NULL,NULL,NULL,NULL,NULL,NULL,NULL,NULL,NULL,NULL,NULL,NULL,NULL,NULL,NULL),(301,'max_value',NULL,NULL,NULL,NULL,NULL,NULL,NULL,NULL,NULL,NULL,NULL,255,NULL,NULL,'',19,'maxValue','long',NULL,'property',2,NULL,'\0',NULL,NULL,25,NULL,NULL,NULL,NULL,NULL,NULL,NULL,NULL,NULL,NULL,NULL,NULL,NULL,NULL,NULL,NULL,NULL,NULL,NULL,NULL),(302,'min_length',NULL,NULL,NULL,NULL,NULL,NULL,NULL,NULL,NULL,NULL,NULL,255,NULL,NULL,'',19,'minLength','integer',NULL,'property',2,NULL,'\0',NULL,NULL,25,NULL,NULL,NULL,NULL,NULL,NULL,NULL,NULL,NULL,NULL,NULL,NULL,NULL,NULL,NULL,NULL,NULL,NULL,NULL,NULL),(303,'min_value',NULL,NULL,NULL,NULL,NULL,NULL,NULL,NULL,NULL,NULL,NULL,255,NULL,NULL,'',19,'minValue','long',NULL,'property',2,NULL,'\0',NULL,NULL,25,NULL,NULL,NULL,NULL,NULL,NULL,NULL,NULL,NULL,NULL,NULL,NULL,NULL,NULL,NULL,NULL,NULL,NULL,NULL,NULL),(304,'nullable_z',NULL,NULL,NULL,NULL,NULL,NULL,NULL,NULL,NULL,NULL,NULL,255,NULL,NULL,'',19,'nullable','boolean',NULL,'property',2,NULL,'\0',NULL,NULL,25,NULL,NULL,NULL,NULL,NULL,NULL,NULL,NULL,NULL,NULL,NULL,NULL,NULL,NULL,NULL,NULL,NULL,NULL,NULL,NULL),(305,'precision_z',NULL,NULL,NULL,NULL,NULL,NULL,NULL,NULL,NULL,NULL,NULL,255,NULL,NULL,'',19,'precision','integer',NULL,'property',2,NULL,'\0',NULL,NULL,25,NULL,NULL,NULL,NULL,NULL,NULL,NULL,NULL,NULL,NULL,NULL,NULL,NULL,NULL,NULL,NULL,NULL,NULL,NULL,NULL),(306,'propertyName',NULL,NULL,NULL,NULL,NULL,NULL,NULL,NULL,NULL,NULL,NULL,40,NULL,NULL,'',19,'propertyName','string',NULL,'property',2,NULL,'\0',NULL,NULL,25,NULL,NULL,NULL,NULL,NULL,NULL,NULL,NULL,NULL,NULL,NULL,NULL,NULL,NULL,NULL,NULL,NULL,NULL,NULL,NULL),(307,'propertyType',NULL,NULL,NULL,NULL,NULL,NULL,NULL,NULL,NULL,NULL,NULL,40,NULL,NULL,'',19,'propertyType','string',NULL,'property',2,NULL,'\0',NULL,NULL,25,NULL,NULL,NULL,NULL,NULL,NULL,NULL,NULL,NULL,NULL,NULL,NULL,NULL,NULL,NULL,NULL,NULL,NULL,NULL,NULL),(308,'queryType',NULL,NULL,NULL,NULL,NULL,NULL,NULL,NULL,NULL,NULL,NULL,30,NULL,NULL,'',19,'queryType','string',NULL,'property',2,NULL,'\0',NULL,NULL,25,NULL,NULL,NULL,NULL,NULL,NULL,NULL,NULL,NULL,NULL,NULL,NULL,NULL,NULL,NULL,NULL,NULL,NULL,NULL,NULL),(309,'relationType',NULL,NULL,NULL,NULL,NULL,NULL,NULL,NULL,NULL,NULL,NULL,30,NULL,NULL,'',19,'relationType','string',NULL,'property',2,NULL,'\0',NULL,NULL,25,NULL,NULL,NULL,NULL,NULL,NULL,NULL,NULL,NULL,NULL,NULL,NULL,NULL,NULL,NULL,NULL,NULL,NULL,NULL,NULL),(310,'scale_z',NULL,NULL,NULL,NULL,NULL,NULL,NULL,NULL,NULL,NULL,NULL,255,NULL,NULL,'',19,'scale','integer',NULL,'property',2,NULL,'\0',NULL,NULL,25,NULL,NULL,NULL,NULL,NULL,NULL,NULL,NULL,NULL,NULL,NULL,NULL,NULL,NULL,NULL,NULL,NULL,NULL,NULL,NULL),(311,'simpleFormat',NULL,NULL,NULL,NULL,NULL,NULL,NULL,NULL,NULL,NULL,NULL,1000,NULL,NULL,'',19,'simpleFormat','string',NULL,'property',2,NULL,'\0',NULL,NULL,25,NULL,NULL,NULL,NULL,NULL,NULL,NULL,NULL,NULL,NULL,NULL,NULL,NULL,NULL,NULL,NULL,NULL,NULL,NULL,NULL),(312,'unique_z',NULL,NULL,NULL,NULL,NULL,NULL,NULL,NULL,NULL,NULL,NULL,255,NULL,NULL,'',19,'unique','boolean',NULL,'property',2,NULL,'\0',NULL,NULL,25,NULL,NULL,NULL,NULL,NULL,NULL,NULL,NULL,NULL,NULL,NULL,NULL,NULL,NULL,NULL,NULL,NULL,NULL,NULL,NULL),(313,'validateContent',NULL,NULL,NULL,NULL,NULL,NULL,NULL,NULL,NULL,NULL,NULL,30,NULL,NULL,'',19,'validateContent','string',NULL,'property',2,NULL,'\0',NULL,NULL,25,NULL,NULL,NULL,NULL,NULL,NULL,NULL,NULL,NULL,NULL,NULL,NULL,NULL,NULL,NULL,NULL,NULL,NULL,NULL,NULL),(314,'validateType',NULL,NULL,NULL,NULL,NULL,NULL,NULL,NULL,NULL,NULL,NULL,30,NULL,NULL,'',19,'validateType','string',NULL,'property',2,NULL,'\0',NULL,NULL,25,NULL,NULL,NULL,NULL,NULL,NULL,NULL,NULL,NULL,NULL,NULL,NULL,NULL,NULL,NULL,NULL,NULL,NULL,NULL,NULL),(315,'rbac_role_id',NULL,NULL,NULL,NULL,NULL,NULL,NULL,NULL,NULL,NULL,NULL,255,NULL,NULL,'',19,'rbacRole','RbacRole',NULL,'ManyToOne',2,NULL,'\0',NULL,NULL,13,NULL,NULL,NULL,NULL,NULL,NULL,NULL,NULL,NULL,NULL,NULL,NULL,NULL,NULL,NULL,NULL,NULL,NULL,NULL,NULL),(316,'rbac_user_id',NULL,NULL,NULL,NULL,NULL,NULL,NULL,NULL,NULL,NULL,NULL,255,NULL,NULL,'',19,'rbacUser','RbacUser',NULL,'ManyToOne',2,NULL,'\0',NULL,NULL,13,NULL,NULL,NULL,NULL,NULL,NULL,NULL,NULL,NULL,NULL,NULL,NULL,NULL,NULL,NULL,NULL,NULL,NULL,NULL,NULL),(317,'description',NULL,NULL,NULL,NULL,NULL,NULL,NULL,NULL,NULL,NULL,NULL,255,NULL,NULL,'',19,'description','string',NULL,'property',2,NULL,'\0',NULL,NULL,14,NULL,NULL,NULL,NULL,NULL,NULL,NULL,NULL,NULL,NULL,NULL,NULL,NULL,NULL,NULL,NULL,NULL,NULL,NULL,NULL),(318,'enabled',NULL,NULL,NULL,NULL,NULL,NULL,NULL,NULL,NULL,NULL,NULL,255,NULL,NULL,'\0',19,'enabled','boolean',NULL,'property',2,NULL,'\0',NULL,NULL,14,NULL,NULL,NULL,NULL,NULL,NULL,NULL,NULL,NULL,NULL,NULL,NULL,NULL,NULL,NULL,NULL,NULL,NULL,NULL,NULL),(319,'full_time',NULL,NULL,NULL,NULL,NULL,NULL,NULL,NULL,NULL,NULL,NULL,255,NULL,NULL,'',19,'fullTime','timestamp',NULL,'property',2,NULL,'\0',NULL,NULL,14,NULL,NULL,NULL,NULL,NULL,NULL,NULL,NULL,NULL,NULL,NULL,NULL,NULL,NULL,NULL,NULL,NULL,NULL,NULL,NULL),(320,'loginname',NULL,NULL,NULL,NULL,NULL,NULL,NULL,NULL,NULL,NULL,NULL,60,NULL,NULL,'\0',19,'loginname','string',NULL,'property',2,NULL,'',NULL,NULL,14,NULL,NULL,NULL,NULL,NULL,NULL,NULL,NULL,NULL,NULL,NULL,NULL,NULL,NULL,NULL,NULL,NULL,NULL,NULL,NULL),(321,'password',NULL,NULL,NULL,NULL,NULL,NULL,NULL,NULL,NULL,NULL,NULL,60,NULL,NULL,'\0',19,'password','string',NULL,'property',2,NULL,'\0',NULL,NULL,14,NULL,NULL,NULL,NULL,NULL,NULL,NULL,NULL,NULL,NULL,NULL,NULL,NULL,NULL,NULL,NULL,NULL,NULL,NULL,NULL),(322,'start_date',NULL,NULL,NULL,NULL,NULL,NULL,NULL,NULL,NULL,NULL,NULL,255,NULL,NULL,'',19,'startDate','date',NULL,'property',2,NULL,'\0',NULL,NULL,14,NULL,NULL,NULL,NULL,NULL,NULL,NULL,NULL,NULL,NULL,NULL,NULL,NULL,NULL,NULL,NULL,NULL,NULL,NULL,NULL),(323,'start_time',NULL,NULL,NULL,NULL,NULL,NULL,NULL,NULL,NULL,NULL,NULL,255,NULL,NULL,'',19,'startTime','time',NULL,'property',2,NULL,'\0',NULL,NULL,14,NULL,NULL,NULL,NULL,NULL,NULL,NULL,NULL,NULL,NULL,NULL,NULL,NULL,NULL,NULL,NULL,NULL,NULL,NULL,NULL),(324,'accountNonExpired',NULL,NULL,NULL,NULL,NULL,NULL,NULL,NULL,NULL,NULL,NULL,255,NULL,NULL,'\0',19,'accountNonExpired','boolean',NULL,'property',2,NULL,'\0',NULL,NULL,16,NULL,NULL,NULL,NULL,NULL,NULL,NULL,NULL,NULL,NULL,NULL,NULL,NULL,NULL,NULL,NULL,NULL,NULL,NULL,NULL),(325,'accountNonLocked',NULL,NULL,NULL,NULL,NULL,NULL,NULL,NULL,NULL,NULL,NULL,255,NULL,NULL,'\0',19,'accountNonLocked','boolean',NULL,'property',2,NULL,'\0',NULL,NULL,16,NULL,NULL,NULL,NULL,NULL,NULL,NULL,NULL,NULL,NULL,NULL,NULL,NULL,NULL,NULL,NULL,NULL,NULL,NULL,NULL),(326,'alias',NULL,NULL,NULL,NULL,NULL,NULL,NULL,NULL,NULL,NULL,NULL,30,NULL,NULL,'',19,'alias','string',NULL,'property',2,NULL,'\0',NULL,NULL,16,NULL,NULL,NULL,NULL,NULL,NULL,NULL,NULL,NULL,NULL,NULL,NULL,NULL,NULL,NULL,NULL,NULL,NULL,NULL,NULL),(327,'credentialsNonExpired',NULL,NULL,NULL,NULL,NULL,NULL,NULL,NULL,NULL,NULL,NULL,255,NULL,NULL,'\0',19,'credentialsNonExpired','boolean',NULL,'property',2,NULL,'\0',NULL,NULL,16,NULL,NULL,NULL,NULL,NULL,NULL,NULL,NULL,NULL,NULL,NULL,NULL,NULL,NULL,NULL,NULL,NULL,NULL,NULL,NULL),(328,'defaultRoleId',NULL,NULL,NULL,NULL,NULL,NULL,NULL,NULL,NULL,NULL,NULL,255,NULL,NULL,'',19,'defaultRbacRole','RbacRole',NULL,'ManyToOne',2,NULL,'\0',NULL,NULL,16,NULL,NULL,NULL,NULL,NULL,NULL,NULL,NULL,NULL,NULL,NULL,NULL,NULL,NULL,NULL,NULL,NULL,NULL,NULL,NULL),(329,'description',NULL,NULL,NULL,NULL,NULL,NULL,NULL,NULL,NULL,NULL,NULL,30,NULL,NULL,'',19,'description','string',NULL,'property',2,NULL,'\0',NULL,NULL,16,NULL,NULL,NULL,NULL,NULL,NULL,NULL,NULL,NULL,NULL,NULL,NULL,NULL,NULL,NULL,NULL,NULL,NULL,NULL,NULL),(330,'enabled',NULL,NULL,NULL,NULL,NULL,NULL,NULL,NULL,NULL,NULL,NULL,255,NULL,NULL,'\0',19,'enabled','boolean',NULL,'property',2,NULL,'\0',NULL,NULL,16,NULL,NULL,NULL,NULL,NULL,NULL,NULL,NULL,NULL,NULL,NULL,NULL,NULL,NULL,NULL,NULL,NULL,NULL,NULL,NULL),(331,'loginname',NULL,NULL,NULL,NULL,NULL,NULL,NULL,NULL,NULL,NULL,NULL,30,NULL,NULL,'\0',19,'loginname','string',NULL,'property',2,NULL,'',NULL,NULL,16,NULL,NULL,NULL,NULL,NULL,NULL,NULL,NULL,NULL,NULL,NULL,NULL,NULL,NULL,NULL,NULL,NULL,NULL,NULL,NULL),(332,'password',NULL,NULL,NULL,NULL,NULL,NULL,NULL,NULL,NULL,NULL,NULL,36,NULL,NULL,'',19,'password','string',NULL,'property',2,NULL,'\0',NULL,NULL,16,NULL,NULL,NULL,NULL,NULL,NULL,NULL,NULL,NULL,NULL,NULL,NULL,NULL,NULL,NULL,NULL,NULL,NULL,NULL,NULL),(333,NULL,NULL,NULL,NULL,NULL,NULL,NULL,NULL,NULL,NULL,NULL,NULL,NULL,NULL,NULL,NULL,NULL,'rbacGroupUsers','Set',NULL,'OneToMany',NULL,NULL,NULL,NULL,NULL,16,NULL,NULL,NULL,NULL,NULL,NULL,NULL,NULL,NULL,NULL,NULL,NULL,NULL,NULL,NULL,NULL,NULL,NULL,NULL,NULL),(334,'salt',NULL,NULL,NULL,NULL,NULL,NULL,NULL,NULL,NULL,NULL,NULL,36,NULL,NULL,'',19,'salt','string',NULL,'property',2,NULL,'\0',NULL,NULL,16,NULL,NULL,NULL,NULL,NULL,NULL,NULL,NULL,NULL,NULL,NULL,NULL,NULL,NULL,NULL,NULL,NULL,NULL,NULL,NULL),(335,NULL,NULL,NULL,NULL,NULL,NULL,NULL,NULL,NULL,NULL,NULL,NULL,NULL,NULL,NULL,NULL,NULL,'sysDepartmentUsers','Set',NULL,'OneToMany',NULL,NULL,NULL,NULL,NULL,16,NULL,NULL,NULL,NULL,NULL,NULL,NULL,NULL,NULL,NULL,NULL,NULL,NULL,NULL,NULL,NULL,NULL,NULL,NULL,NULL),(336,'rbac_group_id',NULL,NULL,NULL,NULL,NULL,NULL,NULL,NULL,NULL,NULL,NULL,255,NULL,NULL,'',19,'rbacGroup','RbacGroup',NULL,'ManyToOne',2,NULL,'\0',NULL,NULL,17,NULL,NULL,NULL,NULL,NULL,NULL,NULL,NULL,NULL,NULL,NULL,NULL,NULL,NULL,NULL,NULL,NULL,NULL,NULL,NULL),(337,'rbac_user_id',NULL,NULL,NULL,NULL,NULL,NULL,NULL,NULL,NULL,NULL,NULL,255,NULL,NULL,'',19,'rbacUser','RbacUser',NULL,'ManyToOne',2,NULL,'\0',NULL,NULL,17,NULL,NULL,NULL,NULL,NULL,NULL,NULL,NULL,NULL,NULL,NULL,NULL,NULL,NULL,NULL,NULL,NULL,NULL,NULL,NULL),(338,'cardTypeCode',NULL,NULL,NULL,NULL,NULL,NULL,NULL,NULL,NULL,NULL,NULL,3,NULL,NULL,'',19,'cardTypeCode','string',NULL,'property',2,NULL,'\0',NULL,NULL,18,NULL,NULL,NULL,NULL,NULL,NULL,NULL,NULL,NULL,NULL,NULL,NULL,NULL,NULL,NULL,NULL,NULL,NULL,NULL,NULL),(339,'EMAIL',NULL,NULL,NULL,NULL,NULL,NULL,NULL,NULL,NULL,NULL,NULL,50,NULL,NULL,'',19,'email','string',NULL,'property',2,NULL,'\0',NULL,NULL,18,NULL,NULL,NULL,NULL,NULL,NULL,NULL,NULL,NULL,NULL,NULL,NULL,NULL,NULL,NULL,NULL,NULL,NULL,NULL,NULL),(340,'famPostcalCode',NULL,NULL,NULL,NULL,NULL,NULL,NULL,NULL,NULL,NULL,NULL,6,NULL,NULL,'',19,'famPostcalCode','string',NULL,'property',2,NULL,'\0',NULL,NULL,18,NULL,NULL,NULL,NULL,NULL,NULL,NULL,NULL,NULL,NULL,NULL,NULL,NULL,NULL,NULL,NULL,NULL,NULL,NULL,NULL),(341,'famTelephone',NULL,NULL,NULL,NULL,NULL,NULL,NULL,NULL,NULL,NULL,NULL,15,NULL,NULL,'',19,'famTelephone','string',NULL,'property',2,NULL,'\0',NULL,NULL,18,NULL,NULL,NULL,NULL,NULL,NULL,NULL,NULL,NULL,NULL,NULL,NULL,NULL,NULL,NULL,NULL,NULL,NULL,NULL,NULL),(342,'famillyAddress',NULL,NULL,NULL,NULL,NULL,NULL,NULL,NULL,NULL,NULL,NULL,50,NULL,NULL,'',19,'famillyAddress','string',NULL,'property',2,NULL,'\0',NULL,NULL,18,NULL,NULL,NULL,NULL,NULL,NULL,NULL,NULL,NULL,NULL,NULL,NULL,NULL,NULL,NULL,NULL,NULL,NULL,NULL,NULL),(343,'genderCode',NULL,NULL,NULL,NULL,NULL,NULL,NULL,NULL,NULL,NULL,NULL,5,NULL,NULL,'\0',19,'genderCode','string',NULL,'property',2,NULL,'\0',NULL,NULL,18,NULL,NULL,NULL,NULL,NULL,NULL,NULL,NULL,NULL,NULL,NULL,NULL,NULL,NULL,NULL,NULL,NULL,NULL,NULL,NULL),(344,'isMarried',NULL,NULL,NULL,NULL,NULL,NULL,NULL,NULL,NULL,NULL,NULL,255,NULL,NULL,'',19,'isMarried','integer',NULL,'property',2,NULL,'\0',NULL,NULL,18,NULL,NULL,NULL,NULL,NULL,NULL,NULL,NULL,NULL,NULL,NULL,NULL,NULL,NULL,NULL,NULL,NULL,NULL,NULL,NULL),(345,'mobilePhone',NULL,NULL,NULL,NULL,NULL,NULL,NULL,NULL,NULL,NULL,NULL,15,NULL,NULL,'',19,'mobilePhone','string',NULL,'property',2,NULL,'\0',NULL,NULL,18,NULL,NULL,NULL,NULL,NULL,NULL,NULL,NULL,NULL,NULL,NULL,NULL,NULL,NULL,NULL,NULL,NULL,NULL,NULL,NULL),(346,'MSN',NULL,NULL,NULL,NULL,NULL,NULL,NULL,NULL,NULL,NULL,NULL,50,NULL,NULL,'',19,'msn','string',NULL,'property',2,NULL,'\0',NULL,NULL,18,NULL,NULL,NULL,NULL,NULL,NULL,NULL,NULL,NULL,NULL,NULL,NULL,NULL,NULL,NULL,NULL,NULL,NULL,NULL,NULL),(347,'nameSpell',NULL,NULL,NULL,NULL,NULL,NULL,NULL,NULL,NULL,NULL,NULL,60,NULL,NULL,'',19,'nameSpell','string',NULL,'property',2,NULL,'\0',NULL,NULL,18,NULL,NULL,NULL,NULL,NULL,NULL,NULL,NULL,NULL,NULL,NULL,NULL,NULL,NULL,NULL,NULL,NULL,NULL,NULL,NULL),(348,'nationId',NULL,NULL,NULL,NULL,NULL,NULL,NULL,NULL,NULL,NULL,NULL,255,NULL,NULL,'',19,'nationId','long',NULL,'property',2,NULL,'\0',NULL,NULL,18,NULL,NULL,NULL,NULL,NULL,NULL,NULL,NULL,NULL,NULL,NULL,NULL,NULL,NULL,NULL,NULL,NULL,NULL,NULL,NULL),(349,'nativeCity',NULL,NULL,NULL,NULL,NULL,NULL,NULL,NULL,NULL,NULL,NULL,30,NULL,NULL,'',19,'nativeCity','string',NULL,'property',2,NULL,'\0',NULL,NULL,18,NULL,NULL,NULL,NULL,NULL,NULL,NULL,NULL,NULL,NULL,NULL,NULL,NULL,NULL,NULL,NULL,NULL,NULL,NULL,NULL),(350,'nativeCounty',NULL,NULL,NULL,NULL,NULL,NULL,NULL,NULL,NULL,NULL,NULL,30,NULL,NULL,'',19,'nativeCounty','string',NULL,'property',2,NULL,'\0',NULL,NULL,18,NULL,NULL,NULL,NULL,NULL,NULL,NULL,NULL,NULL,NULL,NULL,NULL,NULL,NULL,NULL,NULL,NULL,NULL,NULL,NULL),(351,'nativeProvince',NULL,NULL,NULL,NULL,NULL,NULL,NULL,NULL,NULL,NULL,NULL,20,NULL,NULL,'',19,'nativeProvince','string',NULL,'property',2,NULL,'\0',NULL,NULL,18,NULL,NULL,NULL,NULL,NULL,NULL,NULL,NULL,NULL,NULL,NULL,NULL,NULL,NULL,NULL,NULL,NULL,NULL,NULL,NULL),(352,'peopleId',NULL,NULL,NULL,NULL,NULL,NULL,NULL,NULL,NULL,NULL,NULL,255,NULL,NULL,'',19,'peopleId','long',NULL,'property',2,NULL,'\0',NULL,NULL,18,NULL,NULL,NULL,NULL,NULL,NULL,NULL,NULL,NULL,NULL,NULL,NULL,NULL,NULL,NULL,NULL,NULL,NULL,NULL,NULL),(353,'perAddress',NULL,NULL,NULL,NULL,NULL,NULL,NULL,NULL,NULL,NULL,NULL,50,NULL,NULL,'',19,'perAddress','string',NULL,'property',2,NULL,'\0',NULL,NULL,18,NULL,NULL,NULL,NULL,NULL,NULL,NULL,NULL,NULL,NULL,NULL,NULL,NULL,NULL,NULL,NULL,NULL,NULL,NULL,NULL),(354,'perBirthday',NULL,NULL,NULL,NULL,NULL,NULL,NULL,NULL,NULL,NULL,NULL,10,NULL,NULL,'',19,'perBirthday','date',NULL,'property',2,NULL,'\0',NULL,NULL,18,NULL,NULL,NULL,NULL,NULL,NULL,NULL,NULL,NULL,NULL,NULL,NULL,NULL,NULL,NULL,NULL,NULL,NULL,NULL,NULL),(355,'perEnglishName',NULL,NULL,NULL,NULL,NULL,NULL,NULL,NULL,NULL,NULL,NULL,60,NULL,NULL,'',19,'perEnglishName','string',NULL,'property',2,NULL,'\0',NULL,NULL,18,NULL,NULL,NULL,NULL,NULL,NULL,NULL,NULL,NULL,NULL,NULL,NULL,NULL,NULL,NULL,NULL,NULL,NULL,NULL,NULL),(356,'perIdCard',NULL,NULL,NULL,NULL,NULL,NULL,NULL,NULL,NULL,NULL,NULL,18,NULL,NULL,'',19,'perIdCard','string',NULL,'property',2,NULL,'\0',NULL,NULL,18,NULL,NULL,NULL,NULL,NULL,NULL,NULL,NULL,NULL,NULL,NULL,NULL,NULL,NULL,NULL,NULL,NULL,NULL,NULL,NULL),(357,'perName',NULL,NULL,NULL,NULL,NULL,NULL,NULL,NULL,NULL,NULL,NULL,50,NULL,NULL,'\0',19,'perName','string',NULL,'property',2,NULL,'\0',NULL,NULL,18,NULL,NULL,NULL,NULL,NULL,NULL,NULL,NULL,NULL,NULL,NULL,NULL,NULL,NULL,NULL,NULL,NULL,NULL,NULL,NULL),(358,'perNum',NULL,NULL,NULL,NULL,NULL,NULL,NULL,NULL,NULL,NULL,NULL,20,NULL,NULL,'\0',19,'perNum','string',NULL,'property',2,NULL,'',NULL,NULL,18,NULL,NULL,NULL,NULL,NULL,NULL,NULL,NULL,NULL,NULL,NULL,NULL,NULL,NULL,NULL,NULL,NULL,NULL,NULL,NULL),(359,'perPostalCode',NULL,NULL,NULL,NULL,NULL,NULL,NULL,NULL,NULL,NULL,NULL,6,NULL,NULL,'',19,'perPostalCode','string',NULL,'property',2,NULL,'\0',NULL,NULL,18,NULL,NULL,NULL,NULL,NULL,NULL,NULL,NULL,NULL,NULL,NULL,NULL,NULL,NULL,NULL,NULL,NULL,NULL,NULL,NULL),(360,'perTelephone',NULL,NULL,NULL,NULL,NULL,NULL,NULL,NULL,NULL,NULL,NULL,20,NULL,NULL,'',19,'perTelephone','string',NULL,'property',2,NULL,'\0',NULL,NULL,18,NULL,NULL,NULL,NULL,NULL,NULL,NULL,NULL,NULL,NULL,NULL,NULL,NULL,NULL,NULL,NULL,NULL,NULL,NULL,NULL),(361,'rbac_role_id',NULL,NULL,NULL,NULL,NULL,NULL,NULL,NULL,NULL,NULL,NULL,255,NULL,NULL,'',19,'rbacRole','RbacRole',NULL,'ManyToOne',2,NULL,'\0',NULL,NULL,19,NULL,NULL,NULL,NULL,NULL,NULL,NULL,NULL,NULL,NULL,NULL,NULL,NULL,NULL,NULL,NULL,NULL,NULL,NULL,NULL),(362,'rbac_user_id',NULL,NULL,NULL,NULL,NULL,NULL,NULL,NULL,NULL,NULL,NULL,255,NULL,NULL,'',19,'rbacUser','RbacUser',NULL,'ManyToOne',2,NULL,'\0',NULL,NULL,19,NULL,NULL,NULL,NULL,NULL,NULL,NULL,NULL,NULL,NULL,NULL,NULL,NULL,NULL,NULL,NULL,NULL,NULL,NULL,NULL),(363,'rejected',NULL,NULL,NULL,NULL,NULL,NULL,NULL,NULL,NULL,NULL,NULL,255,NULL,NULL,'\0',19,'rejected','boolean',NULL,'property',2,NULL,'\0',NULL,NULL,19,NULL,NULL,NULL,NULL,NULL,NULL,NULL,NULL,NULL,NULL,NULL,NULL,NULL,NULL,NULL,NULL,NULL,NULL,NULL,NULL),(364,'rbac_user_id',NULL,NULL,NULL,NULL,NULL,NULL,NULL,NULL,NULL,NULL,NULL,255,NULL,NULL,'',19,'rbacUser','RbacUser',NULL,'ManyToOne',2,NULL,'\0',NULL,NULL,20,NULL,NULL,NULL,NULL,NULL,NULL,NULL,NULL,NULL,NULL,NULL,NULL,NULL,NULL,NULL,NULL,NULL,NULL,NULL,NULL),(365,'sys_department_id',NULL,NULL,NULL,NULL,NULL,NULL,NULL,NULL,NULL,NULL,NULL,255,NULL,NULL,'',19,'sysDepartment','SysDepartment',NULL,'ManyToOne',2,NULL,'\0',NULL,NULL,20,NULL,NULL,NULL,NULL,NULL,NULL,NULL,NULL,NULL,NULL,NULL,NULL,NULL,NULL,NULL,NULL,NULL,NULL,NULL,NULL),(366,'email',NULL,NULL,NULL,NULL,NULL,NULL,NULL,NULL,NULL,NULL,NULL,50,NULL,NULL,'',19,'email','string',NULL,'property',2,NULL,'\0',NULL,NULL,21,NULL,NULL,NULL,NULL,NULL,NULL,NULL,NULL,NULL,NULL,NULL,NULL,NULL,NULL,NULL,NULL,NULL,NULL,NULL,NULL),(367,'enable',NULL,NULL,NULL,NULL,NULL,NULL,NULL,NULL,NULL,NULL,NULL,255,NULL,NULL,'',19,'enable','boolean',NULL,'property',2,NULL,'\0',NULL,NULL,21,NULL,NULL,NULL,NULL,NULL,NULL,NULL,NULL,NULL,NULL,NULL,NULL,NULL,NULL,NULL,NULL,NULL,NULL,NULL,NULL),(368,'mobilePhone',NULL,NULL,NULL,NULL,NULL,NULL,NULL,NULL,NULL,NULL,NULL,15,NULL,NULL,'',19,'mobilePhone','string',NULL,'property',2,NULL,'\0',NULL,NULL,21,NULL,NULL,NULL,NULL,NULL,NULL,NULL,NULL,NULL,NULL,NULL,NULL,NULL,NULL,NULL,NULL,NULL,NULL,NULL,NULL),(369,'perName',NULL,NULL,NULL,NULL,NULL,NULL,NULL,NULL,NULL,NULL,NULL,50,NULL,NULL,'\0',19,'perName','string',NULL,'property',2,NULL,'\0',NULL,NULL,21,NULL,NULL,NULL,NULL,NULL,NULL,NULL,NULL,NULL,NULL,NULL,NULL,NULL,NULL,NULL,NULL,NULL,NULL,NULL,NULL),(370,'perNum',NULL,NULL,NULL,NULL,NULL,NULL,NULL,NULL,NULL,NULL,NULL,20,NULL,NULL,'\0',19,'perNum','string',NULL,'property',2,NULL,'',NULL,NULL,21,NULL,NULL,NULL,NULL,NULL,NULL,NULL,NULL,NULL,NULL,NULL,NULL,NULL,NULL,NULL,NULL,NULL,NULL,NULL,NULL),(371,'create_time',NULL,NULL,NULL,NULL,NULL,NULL,NULL,NULL,NULL,NULL,NULL,255,NULL,NULL,'',19,'careateTime','timestamp',NULL,'property',2,NULL,'\0',NULL,NULL,22,NULL,NULL,NULL,NULL,NULL,NULL,NULL,NULL,NULL,NULL,NULL,NULL,NULL,NULL,NULL,NULL,NULL,NULL,NULL,NULL),(372,'controllerNameSpace',NULL,NULL,NULL,NULL,NULL,NULL,NULL,NULL,NULL,NULL,NULL,60,NULL,NULL,'',19,'controllerNameSpace','string',NULL,'property',2,NULL,'\0',NULL,NULL,22,NULL,NULL,NULL,NULL,NULL,NULL,NULL,NULL,NULL,NULL,NULL,NULL,NULL,NULL,NULL,NULL,NULL,NULL,NULL,NULL),(373,'entityDisName',NULL,NULL,NULL,NULL,NULL,NULL,NULL,NULL,NULL,NULL,NULL,60,NULL,NULL,'',19,'entityDisName','string',NULL,'property',2,NULL,'\0',NULL,NULL,22,NULL,NULL,NULL,NULL,NULL,NULL,NULL,NULL,NULL,NULL,NULL,NULL,NULL,NULL,NULL,NULL,NULL,NULL,NULL,NULL),(374,NULL,NULL,NULL,NULL,NULL,NULL,NULL,NULL,NULL,NULL,NULL,NULL,NULL,NULL,NULL,NULL,NULL,'genEntityPropertyList','Set',NULL,'OneToMany',NULL,NULL,NULL,NULL,NULL,22,NULL,NULL,NULL,NULL,NULL,NULL,NULL,NULL,NULL,NULL,NULL,NULL,NULL,NULL,NULL,NULL,NULL,NULL,NULL,NULL),(375,'gen_info',NULL,NULL,NULL,NULL,NULL,NULL,NULL,NULL,NULL,NULL,NULL,60,NULL,NULL,'',19,'genInfo','string',NULL,'property',2,NULL,'\0',NULL,NULL,22,NULL,NULL,NULL,NULL,NULL,NULL,NULL,NULL,NULL,NULL,NULL,NULL,NULL,NULL,NULL,NULL,NULL,NULL,NULL,NULL),(376,'isTree',NULL,NULL,NULL,NULL,NULL,NULL,NULL,NULL,NULL,NULL,NULL,255,NULL,NULL,'',19,'isTree','boolean',NULL,'property',2,NULL,'\0',NULL,NULL,22,NULL,NULL,NULL,NULL,NULL,NULL,NULL,NULL,NULL,NULL,NULL,NULL,NULL,NULL,NULL,NULL,NULL,NULL,NULL,NULL),(377,'last_modify_time',NULL,NULL,NULL,NULL,NULL,NULL,NULL,NULL,NULL,NULL,NULL,255,NULL,NULL,'',19,'lastModifyTime','timestamp',NULL,'property',2,NULL,'\0',NULL,NULL,22,NULL,NULL,NULL,NULL,NULL,NULL,NULL,NULL,NULL,NULL,NULL,NULL,NULL,NULL,NULL,NULL,NULL,NULL,NULL,NULL),(378,'module_name',NULL,NULL,NULL,NULL,NULL,NULL,NULL,NULL,NULL,NULL,NULL,60,NULL,NULL,'',19,'moduleName','string',NULL,'property',2,NULL,'\0',NULL,NULL,22,NULL,NULL,NULL,NULL,NULL,NULL,NULL,NULL,NULL,NULL,NULL,NULL,NULL,NULL,NULL,NULL,NULL,NULL,NULL,NULL),(379,'name',NULL,NULL,NULL,NULL,NULL,NULL,NULL,NULL,NULL,NULL,NULL,100,NULL,NULL,'\0',19,'name','string',NULL,'property',2,NULL,'',NULL,NULL,22,NULL,NULL,NULL,NULL,NULL,NULL,NULL,NULL,NULL,NULL,NULL,NULL,NULL,NULL,NULL,NULL,NULL,NULL,NULL,NULL),(380,'remark',NULL,NULL,NULL,NULL,NULL,NULL,NULL,NULL,NULL,NULL,NULL,60,NULL,NULL,'',19,'remark','string',NULL,'property',2,NULL,'\0',NULL,NULL,22,NULL,NULL,NULL,NULL,NULL,NULL,NULL,NULL,NULL,NULL,NULL,NULL,NULL,NULL,NULL,NULL,NULL,NULL,NULL,NULL),(381,'tableName',NULL,NULL,NULL,NULL,NULL,NULL,NULL,NULL,NULL,NULL,NULL,60,NULL,NULL,'',19,'tableName','string',NULL,'property',2,NULL,'\0',NULL,NULL,22,NULL,NULL,NULL,NULL,NULL,NULL,NULL,NULL,NULL,NULL,NULL,NULL,NULL,NULL,NULL,NULL,NULL,NULL,NULL,NULL),(382,'version',NULL,NULL,NULL,NULL,NULL,NULL,NULL,NULL,NULL,NULL,NULL,10,NULL,NULL,'',19,'version','string',NULL,'property',2,NULL,'\0',NULL,NULL,22,NULL,NULL,NULL,NULL,NULL,NULL,NULL,NULL,NULL,NULL,NULL,NULL,NULL,NULL,NULL,NULL,NULL,NULL,NULL,NULL),(383,'isDateFutrue',NULL,NULL,NULL,NULL,NULL,NULL,NULL,NULL,NULL,NULL,NULL,255,NULL,NULL,'',19,'isDateFutrue','boolean',NULL,'property',2,NULL,'\0',NULL,NULL,25,NULL,NULL,NULL,NULL,NULL,NULL,NULL,NULL,NULL,NULL,NULL,NULL,NULL,NULL,NULL,NULL,NULL,NULL,NULL,NULL),(384,'isDatePost',NULL,NULL,NULL,NULL,NULL,NULL,NULL,NULL,NULL,NULL,NULL,255,NULL,NULL,'',19,'isDatePost','boolean',NULL,'property',2,NULL,'\0',NULL,NULL,25,NULL,NULL,NULL,NULL,NULL,NULL,NULL,NULL,NULL,NULL,NULL,NULL,NULL,NULL,NULL,NULL,NULL,NULL,NULL,NULL),(385,'tManyToOne',4124,NULL,'tManyToOne','',NULL,'text','',NULL,'\0','\0',NULL,2542,NULL,NULL,'',NULL,'tManyToOne','com.zht.common.rabc.easyui.model.RbacModule','','manytoone',NULL,'','\0',NULL,'',26,NULL,'@javax.persistence.ManyToOne(fetch=javax.persistence.FetchType.LAZY)\r	@javax.persistence.JoinColumn(name=\"tManyToOne\")',NULL,NULL,NULL,NULL,2542,NULL,0,NULL,NULL,NULL,'display',NULL,NULL,NULL,NULL,NULL,NULL,NULL),(386,'tOneToMany',NULL,NULL,'tOneToMany',NULL,NULL,NULL,NULL,NULL,NULL,NULL,NULL,NULL,NULL,NULL,NULL,NULL,'tOneToMany','com.zht.common.rabc.easyui.model.RbacMenu',NULL,'onetomany',NULL,NULL,NULL,NULL,NULL,26,NULL,'@javax.persistence.OneToMany(fetch=javax.persistence.FetchType.LAZY,cascade=javax.persistence.CascadeType.ALL, mappedBy=\"rbacModule\")',NULL,NULL,NULL,NULL,NULL,NULL,NULL,NULL,NULL,NULL,NULL,'rbacModule',NULL,NULL,NULL,NULL,NULL,NULL),(387,'manyToOneDisplayField',NULL,NULL,NULL,NULL,NULL,NULL,NULL,NULL,NULL,NULL,NULL,255,NULL,NULL,'',19,'manyToOneDisplayField','string',NULL,'property',2,NULL,'\0',NULL,NULL,25,NULL,NULL,NULL,NULL,NULL,NULL,NULL,NULL,NULL,NULL,NULL,NULL,NULL,NULL,NULL,NULL,NULL,NULL,NULL,NULL),(388,'oneTomanyMappedBy',NULL,NULL,NULL,NULL,NULL,NULL,NULL,NULL,NULL,NULL,NULL,255,NULL,NULL,'',19,'oneTomanyMappedBy','string',NULL,'property',2,NULL,'\0',NULL,NULL,25,NULL,NULL,NULL,NULL,NULL,NULL,NULL,NULL,NULL,NULL,NULL,NULL,NULL,NULL,NULL,NULL,NULL,NULL,NULL,NULL),(389,'childTreeDemoEntirys',NULL,NULL,'子节点',NULL,NULL,NULL,NULL,NULL,NULL,NULL,NULL,NULL,NULL,NULL,NULL,NULL,'childTreeDemoEntirys','com.zht.projeect.test.model.TreeDemoEntiry',NULL,'onetomany',NULL,NULL,NULL,NULL,NULL,27,NULL,'@javax.persistence.OneToMany(fetch=javax.persistence.FetchType.LAZY,cascade=javax.persistence.CascadeType.ALL, mappedBy=\"parentTreeDemoEntiry\")',NULL,NULL,NULL,NULL,NULL,NULL,NULL,NULL,NULL,NULL,NULL,'parentTreeDemoEntiry',NULL,NULL,NULL,NULL,NULL,NULL),(390,'parentTreeDemoEntiry',200,NULL,'父节点','',NULL,'text','',NULL,'\0','\0','',NULL,NULL,NULL,NULL,NULL,'parentTreeDemoEntiry','com.zht.projeect.test.model.TreeDemoEntiry','','manytoone',NULL,'',NULL,NULL,NULL,27,NULL,'@javax.persistence.ManyToOne(fetch=javax.persistence.FetchType.LAZY)\r	@javax.persistence.JoinColumn(name=\"parentTreeDemoEntiry\")\r	@com.zht.framework.core.annos.TreeParentFied()',NULL,NULL,NULL,NULL,NULL,NULL,NULL,NULL,NULL,NULL,'display',NULL,NULL,NULL,NULL,NULL,NULL,NULL),(391,'display',100,NULL,'显示','',NULL,'text','',NULL,'\0','\0',NULL,30,NULL,NULL,'',NULL,'display','java.lang.String','','property',NULL,'','\0',NULL,'',27,'<input type=\"text\" name=\"display\" value=\"${display}\" class=\"easyui-validatebox textbox\"  data-options=\"  validType:\'length[0,30]\'\"/>','@javax.persistence.Column(name = \"display\",unique = false,nullable = true,length = 30)',NULL,NULL,NULL,NULL,30,NULL,0,NULL,NULL,NULL,NULL,NULL,NULL,NULL,NULL,NULL,NULL,NULL),(392,'isManytomanyMasterControl',NULL,NULL,NULL,NULL,NULL,NULL,NULL,NULL,NULL,NULL,NULL,255,NULL,NULL,'',19,'isManytomanyMasterControl','boolean',NULL,NULL,2,NULL,'\0',NULL,NULL,25,NULL,NULL,NULL,NULL,NULL,NULL,NULL,NULL,NULL,NULL,NULL,NULL,NULL,NULL,NULL,NULL,NULL,NULL,NULL,NULL),(393,'manytomanyJoinColumnOpposite',NULL,NULL,NULL,NULL,NULL,NULL,NULL,NULL,NULL,NULL,NULL,255,NULL,NULL,'',19,'manytomanyJoinColumnOpposite','string',NULL,NULL,2,NULL,'\0',NULL,NULL,25,NULL,NULL,NULL,NULL,NULL,NULL,NULL,NULL,NULL,NULL,NULL,NULL,NULL,NULL,NULL,NULL,NULL,NULL,NULL,NULL),(394,'manytomanyJoinColumnSelf',NULL,NULL,NULL,NULL,NULL,NULL,NULL,NULL,NULL,NULL,NULL,255,NULL,NULL,'',19,'manytomanyJoinColumnSelf','string',NULL,NULL,2,NULL,'\0',NULL,NULL,25,NULL,NULL,NULL,NULL,NULL,NULL,NULL,NULL,NULL,NULL,NULL,NULL,NULL,NULL,NULL,NULL,NULL,NULL,NULL,NULL),(395,'manytomanyJoinTable',NULL,NULL,NULL,NULL,NULL,NULL,NULL,NULL,NULL,NULL,NULL,255,NULL,NULL,'',19,'manytomanyJoinTable','string',NULL,NULL,2,NULL,'\0',NULL,NULL,25,NULL,NULL,NULL,NULL,NULL,NULL,NULL,NULL,NULL,NULL,NULL,NULL,NULL,NULL,NULL,NULL,NULL,NULL,NULL,NULL),(396,'tManyToMany',NULL,NULL,'tManyToMany',NULL,NULL,NULL,NULL,NULL,NULL,NULL,NULL,NULL,NULL,NULL,NULL,NULL,'tManyToMany','com.zht.common.rabc.easyui.model.RbacRole',NULL,'manytomany',NULL,NULL,NULL,NULL,NULL,26,NULL,NULL,NULL,NULL,NULL,NULL,NULL,NULL,NULL,NULL,NULL,NULL,NULL,NULL,NULL,NULL,NULL,NULL,NULL,NULL),(397,'sdasd',NULL,NULL,'sfsd',NULL,NULL,NULL,NULL,NULL,NULL,NULL,NULL,NULL,NULL,NULL,NULL,NULL,'MayToMaySlavers','com.zht.project.model.MayToMaySlaver',NULL,'manytomany',NULL,NULL,NULL,NULL,NULL,28,NULL,'@javax.persistence.ManyToMany(fetch=javax.persistence.FetchType.LAZY)\r	@javax.persistence.JoinTable(name=\"maste_rslaver\", joinColumns = {\r		@javax.persistence.JoinColumn(name=\"master_id\", nullable=false, updatable=false) },\r	inverseJoinColumns = { @javax.persistence.JoinColumn(name=\"slaver_id\", nullable=false, updatable=false) })',NULL,NULL,NULL,NULL,NULL,NULL,NULL,NULL,NULL,NULL,NULL,'','',NULL,'master_id','maste_rslaver','slaver_id',''),(398,'sManyTomany',NULL,NULL,'sManyTomany',NULL,NULL,NULL,NULL,NULL,NULL,NULL,NULL,NULL,NULL,NULL,NULL,NULL,'sManyTomany','com.zht.project.model.MayToMayMaster',NULL,'manytomany',NULL,NULL,NULL,NULL,NULL,29,NULL,'@javax.persistence.ManyToMany(cascade=javax.persistence.CascadeType.ALL,mappedBy=\"MayToMaySlavers\")',NULL,NULL,NULL,NULL,NULL,NULL,NULL,NULL,NULL,NULL,NULL,'MayToMaySlavers','\0',NULL,'','','','MayToMaySlavers'),(399,'manytomanyMappedBy',NULL,NULL,NULL,NULL,NULL,NULL,NULL,NULL,NULL,NULL,NULL,255,NULL,NULL,'',19,'manytomanyMappedBy','string',NULL,'property',2,NULL,'\0',NULL,NULL,25,NULL,NULL,NULL,NULL,NULL,NULL,NULL,NULL,NULL,NULL,NULL,NULL,NULL,NULL,NULL,NULL,NULL,NULL,NULL,NULL),(400,'cardTypeCode',NULL,NULL,NULL,NULL,NULL,NULL,NULL,NULL,NULL,NULL,NULL,3,NULL,NULL,'',19,'cardTypeCode','string',NULL,'property',2,NULL,'\0',NULL,NULL,30,NULL,NULL,NULL,NULL,NULL,NULL,NULL,NULL,NULL,NULL,NULL,NULL,NULL,NULL,NULL,NULL,NULL,NULL,NULL,NULL),(401,'EMAIL',NULL,NULL,NULL,NULL,NULL,NULL,NULL,NULL,NULL,NULL,NULL,50,NULL,NULL,'',19,'email','string',NULL,'property',2,NULL,'\0',NULL,NULL,30,NULL,NULL,NULL,NULL,NULL,NULL,NULL,NULL,NULL,NULL,NULL,NULL,NULL,NULL,NULL,NULL,NULL,NULL,NULL,NULL),(402,'famPostcalCode',NULL,NULL,NULL,NULL,NULL,NULL,NULL,NULL,NULL,NULL,NULL,6,NULL,NULL,'',19,'famPostcalCode','string',NULL,'property',2,NULL,'\0',NULL,NULL,30,NULL,NULL,NULL,NULL,NULL,NULL,NULL,NULL,NULL,NULL,NULL,NULL,NULL,NULL,NULL,NULL,NULL,NULL,NULL,NULL),(403,'famTelephone',NULL,NULL,NULL,NULL,NULL,NULL,NULL,NULL,NULL,NULL,NULL,15,NULL,NULL,'',19,'famTelephone','string',NULL,'property',2,NULL,'\0',NULL,NULL,30,NULL,NULL,NULL,NULL,NULL,NULL,NULL,NULL,NULL,NULL,NULL,NULL,NULL,NULL,NULL,NULL,NULL,NULL,NULL,NULL),(404,'famillyAddress',NULL,NULL,NULL,NULL,NULL,NULL,NULL,NULL,NULL,NULL,NULL,50,NULL,NULL,'',19,'famillyAddress','string',NULL,'property',2,NULL,'\0',NULL,NULL,30,NULL,NULL,NULL,NULL,NULL,NULL,NULL,NULL,NULL,NULL,NULL,NULL,NULL,NULL,NULL,NULL,NULL,NULL,NULL,NULL),(405,'genderCode',NULL,NULL,NULL,NULL,NULL,NULL,NULL,NULL,NULL,NULL,NULL,5,NULL,NULL,'\0',19,'genderCode','string',NULL,'property',2,NULL,'\0',NULL,NULL,30,NULL,NULL,NULL,NULL,NULL,NULL,NULL,NULL,NULL,NULL,NULL,NULL,NULL,NULL,NULL,NULL,NULL,NULL,NULL,NULL),(406,'isMarried',NULL,NULL,NULL,NULL,NULL,NULL,NULL,NULL,NULL,NULL,NULL,255,NULL,NULL,'',19,'isMarried','integer',NULL,'property',2,NULL,'\0',NULL,NULL,30,NULL,NULL,NULL,NULL,NULL,NULL,NULL,NULL,NULL,NULL,NULL,NULL,NULL,NULL,NULL,NULL,NULL,NULL,NULL,NULL),(407,'mobilePhone',NULL,NULL,NULL,NULL,NULL,NULL,NULL,NULL,NULL,NULL,NULL,15,NULL,NULL,'',19,'mobilePhone','string',NULL,'property',2,NULL,'\0',NULL,NULL,30,NULL,NULL,NULL,NULL,NULL,NULL,NULL,NULL,NULL,NULL,NULL,NULL,NULL,NULL,NULL,NULL,NULL,NULL,NULL,NULL),(408,'MSN',NULL,NULL,NULL,NULL,NULL,NULL,NULL,NULL,NULL,NULL,NULL,50,NULL,NULL,'',19,'msn','string',NULL,'property',2,NULL,'\0',NULL,NULL,30,NULL,NULL,NULL,NULL,NULL,NULL,NULL,NULL,NULL,NULL,NULL,NULL,NULL,NULL,NULL,NULL,NULL,NULL,NULL,NULL),(409,'nameSpell',NULL,NULL,NULL,NULL,NULL,NULL,NULL,NULL,NULL,NULL,NULL,60,NULL,NULL,'',19,'nameSpell','string',NULL,'property',2,NULL,'\0',NULL,NULL,30,NULL,NULL,NULL,NULL,NULL,NULL,NULL,NULL,NULL,NULL,NULL,NULL,NULL,NULL,NULL,NULL,NULL,NULL,NULL,NULL),(410,'nationId',NULL,NULL,NULL,NULL,NULL,NULL,NULL,NULL,NULL,NULL,NULL,255,NULL,NULL,'',19,'nationId','long',NULL,'property',2,NULL,'\0',NULL,NULL,30,NULL,NULL,NULL,NULL,NULL,NULL,NULL,NULL,NULL,NULL,NULL,NULL,NULL,NULL,NULL,NULL,NULL,NULL,NULL,NULL),(411,'nativeCity',NULL,NULL,NULL,NULL,NULL,NULL,NULL,NULL,NULL,NULL,NULL,30,NULL,NULL,'',19,'nativeCity','string',NULL,'property',2,NULL,'\0',NULL,NULL,30,NULL,NULL,NULL,NULL,NULL,NULL,NULL,NULL,NULL,NULL,NULL,NULL,NULL,NULL,NULL,NULL,NULL,NULL,NULL,NULL),(412,'nativeCounty',NULL,NULL,NULL,NULL,NULL,NULL,NULL,NULL,NULL,NULL,NULL,30,NULL,NULL,'',19,'nativeCounty','string',NULL,'property',2,NULL,'\0',NULL,NULL,30,NULL,NULL,NULL,NULL,NULL,NULL,NULL,NULL,NULL,NULL,NULL,NULL,NULL,NULL,NULL,NULL,NULL,NULL,NULL,NULL),(413,'nativeProvince',NULL,NULL,NULL,NULL,NULL,NULL,NULL,NULL,NULL,NULL,NULL,20,NULL,NULL,'',19,'nativeProvince','string',NULL,'property',2,NULL,'\0',NULL,NULL,30,NULL,NULL,NULL,NULL,NULL,NULL,NULL,NULL,NULL,NULL,NULL,NULL,NULL,NULL,NULL,NULL,NULL,NULL,NULL,NULL),(414,'peopleId',NULL,NULL,NULL,NULL,NULL,NULL,NULL,NULL,NULL,NULL,NULL,255,NULL,NULL,'',19,'peopleId','long',NULL,'property',2,NULL,'\0',NULL,NULL,30,NULL,NULL,NULL,NULL,NULL,NULL,NULL,NULL,NULL,NULL,NULL,NULL,NULL,NULL,NULL,NULL,NULL,NULL,NULL,NULL),(415,'perAddress',NULL,NULL,NULL,NULL,NULL,NULL,NULL,NULL,NULL,NULL,NULL,50,NULL,NULL,'',19,'perAddress','string',NULL,'property',2,NULL,'\0',NULL,NULL,30,NULL,NULL,NULL,NULL,NULL,NULL,NULL,NULL,NULL,NULL,NULL,NULL,NULL,NULL,NULL,NULL,NULL,NULL,NULL,NULL),(416,'perBirthday',NULL,NULL,NULL,NULL,NULL,NULL,NULL,NULL,NULL,NULL,NULL,10,NULL,NULL,'',19,'perBirthday','date',NULL,'property',2,NULL,'\0',NULL,NULL,30,NULL,NULL,NULL,NULL,NULL,NULL,NULL,NULL,NULL,NULL,NULL,NULL,NULL,NULL,NULL,NULL,NULL,NULL,NULL,NULL),(417,'perEnglishName',NULL,NULL,NULL,NULL,NULL,NULL,NULL,NULL,NULL,NULL,NULL,60,NULL,NULL,'',19,'perEnglishName','string',NULL,'property',2,NULL,'\0',NULL,NULL,30,NULL,NULL,NULL,NULL,NULL,NULL,NULL,NULL,NULL,NULL,NULL,NULL,NULL,NULL,NULL,NULL,NULL,NULL,NULL,NULL),(418,'perIdCard',NULL,NULL,NULL,NULL,NULL,NULL,NULL,NULL,NULL,NULL,NULL,18,NULL,NULL,'',19,'perIdCard','string',NULL,'property',2,NULL,'\0',NULL,NULL,30,NULL,NULL,NULL,NULL,NULL,NULL,NULL,NULL,NULL,NULL,NULL,NULL,NULL,NULL,NULL,NULL,NULL,NULL,NULL,NULL),(419,'perName',NULL,NULL,NULL,NULL,NULL,NULL,NULL,NULL,NULL,NULL,NULL,50,NULL,NULL,'\0',19,'perName','string',NULL,'property',2,NULL,'\0',NULL,NULL,30,NULL,NULL,NULL,NULL,NULL,NULL,NULL,NULL,NULL,NULL,NULL,NULL,NULL,NULL,NULL,NULL,NULL,NULL,NULL,NULL),(420,'perNum',NULL,NULL,NULL,NULL,NULL,NULL,NULL,NULL,NULL,NULL,NULL,20,NULL,NULL,'\0',19,'perNum','string',NULL,'property',2,NULL,'',NULL,NULL,30,NULL,NULL,NULL,NULL,NULL,NULL,NULL,NULL,NULL,NULL,NULL,NULL,NULL,NULL,NULL,NULL,NULL,NULL,NULL,NULL),(421,'perPostalCode',NULL,NULL,NULL,NULL,NULL,NULL,NULL,NULL,NULL,NULL,NULL,6,NULL,NULL,'',19,'perPostalCode','string',NULL,'property',2,NULL,'\0',NULL,NULL,30,NULL,NULL,NULL,NULL,NULL,NULL,NULL,NULL,NULL,NULL,NULL,NULL,NULL,NULL,NULL,NULL,NULL,NULL,NULL,NULL),(422,'perTelephone',NULL,NULL,NULL,NULL,NULL,NULL,NULL,NULL,NULL,NULL,NULL,20,NULL,NULL,'',19,'perTelephone','string',NULL,'property',2,NULL,'\0',NULL,NULL,30,NULL,NULL,NULL,NULL,NULL,NULL,NULL,NULL,NULL,NULL,NULL,NULL,NULL,NULL,NULL,NULL,NULL,NULL,NULL,NULL),(423,NULL,NULL,NULL,NULL,NULL,NULL,NULL,NULL,NULL,NULL,NULL,NULL,NULL,NULL,NULL,NULL,NULL,'childRbacResources','Set',NULL,'OneToMany',NULL,NULL,NULL,NULL,NULL,31,NULL,NULL,NULL,NULL,NULL,NULL,NULL,NULL,NULL,NULL,NULL,NULL,NULL,NULL,NULL,NULL,NULL,NULL,NULL,NULL),(424,'description',NULL,NULL,NULL,NULL,NULL,NULL,NULL,NULL,NULL,NULL,NULL,40,NULL,NULL,'',19,'description','string',NULL,'property',2,NULL,'\0',NULL,NULL,31,NULL,NULL,NULL,NULL,NULL,NULL,NULL,NULL,NULL,NULL,NULL,NULL,NULL,NULL,NULL,NULL,NULL,NULL,NULL,NULL),(425,'dis_index',NULL,NULL,NULL,NULL,NULL,NULL,NULL,NULL,NULL,NULL,NULL,255,NULL,NULL,'',19,'disIndex','integer',NULL,'property',2,NULL,'\0',NULL,NULL,31,NULL,NULL,NULL,NULL,NULL,NULL,NULL,NULL,NULL,NULL,NULL,NULL,NULL,NULL,NULL,NULL,NULL,NULL,NULL,NULL),(426,'icon',NULL,NULL,NULL,NULL,NULL,NULL,NULL,NULL,NULL,NULL,NULL,10,NULL,NULL,'',19,'icon','string',NULL,'property',2,NULL,'\0',NULL,NULL,31,NULL,NULL,NULL,NULL,NULL,NULL,NULL,NULL,NULL,NULL,NULL,NULL,NULL,NULL,NULL,NULL,NULL,NULL,NULL,NULL),(427,'name',NULL,NULL,NULL,NULL,NULL,NULL,NULL,NULL,NULL,NULL,NULL,40,NULL,NULL,'\0',19,'name','string',NULL,'property',2,NULL,'\0',NULL,NULL,31,NULL,NULL,NULL,NULL,NULL,NULL,NULL,NULL,NULL,NULL,NULL,NULL,NULL,NULL,NULL,NULL,NULL,NULL,NULL,NULL),(428,'parent_id',NULL,NULL,NULL,NULL,NULL,NULL,NULL,NULL,NULL,NULL,NULL,255,NULL,NULL,'',19,'parentRbacResource','RbacResource',NULL,'ManyToOne',2,NULL,'\0',NULL,NULL,31,NULL,NULL,NULL,NULL,NULL,NULL,NULL,NULL,NULL,NULL,NULL,NULL,NULL,NULL,NULL,NULL,NULL,NULL,NULL,NULL),(429,NULL,NULL,NULL,NULL,NULL,NULL,NULL,NULL,NULL,NULL,NULL,NULL,NULL,NULL,NULL,NULL,NULL,'rbacPermissions','Set',NULL,'OneToMany',NULL,NULL,NULL,NULL,NULL,31,NULL,NULL,NULL,NULL,NULL,NULL,NULL,NULL,NULL,NULL,NULL,NULL,NULL,NULL,NULL,NULL,NULL,NULL,NULL,NULL),(430,'rbac_role_id',NULL,NULL,NULL,NULL,NULL,NULL,NULL,NULL,NULL,NULL,NULL,255,NULL,NULL,'',19,'rbacRole','RbacRole',NULL,'ManyToOne',2,NULL,'\0',NULL,NULL,32,NULL,NULL,NULL,NULL,NULL,NULL,NULL,NULL,NULL,NULL,NULL,NULL,NULL,NULL,NULL,NULL,NULL,NULL,NULL,NULL),(431,'rbac_user_id',NULL,NULL,NULL,NULL,NULL,NULL,NULL,NULL,NULL,NULL,NULL,255,NULL,NULL,'',19,'rbacUser','RbacUser',NULL,'ManyToOne',2,NULL,'\0',NULL,NULL,32,NULL,NULL,NULL,NULL,NULL,NULL,NULL,NULL,NULL,NULL,NULL,NULL,NULL,NULL,NULL,NULL,NULL,NULL,NULL,NULL),(432,'rbac_role_id',NULL,NULL,NULL,NULL,NULL,NULL,NULL,NULL,NULL,NULL,NULL,255,NULL,NULL,'',19,'rbacRole','RbacRole',NULL,'ManyToOne',2,NULL,'\0',NULL,NULL,33,NULL,NULL,NULL,NULL,NULL,NULL,NULL,NULL,NULL,NULL,NULL,NULL,NULL,NULL,NULL,NULL,NULL,NULL,NULL,NULL),(433,'sys_department_id',NULL,NULL,NULL,NULL,NULL,NULL,NULL,NULL,NULL,NULL,NULL,255,NULL,NULL,'',19,'sysDepartment','SysDepartment',NULL,'ManyToOne',2,NULL,'\0',NULL,NULL,33,NULL,NULL,NULL,NULL,NULL,NULL,NULL,NULL,NULL,NULL,NULL,NULL,NULL,NULL,NULL,NULL,NULL,NULL,NULL,NULL),(434,'dis_index',NULL,NULL,NULL,NULL,NULL,NULL,NULL,NULL,NULL,NULL,NULL,255,NULL,NULL,'\0',19,'disIndex','integer',NULL,'property',2,NULL,'\0',NULL,NULL,34,NULL,NULL,NULL,NULL,NULL,NULL,NULL,NULL,NULL,NULL,NULL,NULL,NULL,NULL,NULL,NULL,NULL,NULL,NULL,NULL),(435,'display',NULL,NULL,NULL,NULL,NULL,NULL,NULL,NULL,NULL,NULL,NULL,32,NULL,NULL,'\0',19,'display','string',NULL,'property',2,NULL,'',NULL,NULL,34,NULL,NULL,NULL,NULL,NULL,NULL,NULL,NULL,NULL,NULL,NULL,NULL,NULL,NULL,NULL,NULL,NULL,NULL,NULL,NULL),(436,'enabled',NULL,NULL,NULL,NULL,NULL,NULL,NULL,NULL,NULL,NULL,NULL,255,NULL,NULL,'\0',19,'enabled','boolean',NULL,'property',2,NULL,'\0',NULL,NULL,34,NULL,NULL,NULL,NULL,NULL,NULL,NULL,NULL,NULL,NULL,NULL,NULL,NULL,NULL,NULL,NULL,NULL,NULL,NULL,NULL),(437,'icon',NULL,NULL,NULL,NULL,NULL,NULL,NULL,NULL,NULL,NULL,NULL,20,NULL,NULL,'',19,'icon','string',NULL,'property',2,NULL,'\0',NULL,NULL,34,NULL,NULL,NULL,NULL,NULL,NULL,NULL,NULL,NULL,NULL,NULL,NULL,NULL,NULL,NULL,NULL,NULL,NULL,NULL,NULL),(438,NULL,NULL,NULL,NULL,NULL,NULL,NULL,NULL,NULL,NULL,NULL,NULL,NULL,NULL,NULL,NULL,NULL,'rbacMenus','Set',NULL,'OneToMany',NULL,NULL,NULL,NULL,NULL,34,NULL,NULL,NULL,NULL,NULL,NULL,NULL,NULL,NULL,NULL,NULL,NULL,NULL,NULL,NULL,NULL,NULL,NULL,NULL,NULL),(439,'remark',NULL,NULL,NULL,NULL,NULL,NULL,NULL,NULL,NULL,NULL,NULL,30,NULL,NULL,'',19,'remark','string',NULL,'property',2,NULL,'\0',NULL,NULL,34,NULL,NULL,NULL,NULL,NULL,NULL,NULL,NULL,NULL,NULL,NULL,NULL,NULL,NULL,NULL,NULL,NULL,NULL,NULL,NULL),(440,'accountNonExpired',NULL,NULL,NULL,NULL,NULL,NULL,NULL,NULL,NULL,NULL,NULL,255,NULL,NULL,'\0',19,'accountNonExpired','boolean',NULL,'property',2,NULL,'\0',NULL,NULL,35,NULL,NULL,NULL,NULL,NULL,NULL,NULL,NULL,NULL,NULL,NULL,NULL,NULL,NULL,NULL,NULL,NULL,NULL,NULL,NULL),(441,'accountNonLocked',NULL,NULL,NULL,NULL,NULL,NULL,NULL,NULL,NULL,NULL,NULL,255,NULL,NULL,'\0',19,'accountNonLocked','boolean',NULL,'property',2,NULL,'\0',NULL,NULL,35,NULL,NULL,NULL,NULL,NULL,NULL,NULL,NULL,NULL,NULL,NULL,NULL,NULL,NULL,NULL,NULL,NULL,NULL,NULL,NULL),(442,'alias',NULL,NULL,NULL,NULL,NULL,NULL,NULL,NULL,NULL,NULL,NULL,30,NULL,NULL,'',19,'alias','string',NULL,'property',2,NULL,'\0',NULL,NULL,35,NULL,NULL,NULL,NULL,NULL,NULL,NULL,NULL,NULL,NULL,NULL,NULL,NULL,NULL,NULL,NULL,NULL,NULL,NULL,NULL),(443,'credentialsNonExpired',NULL,NULL,NULL,NULL,NULL,NULL,NULL,NULL,NULL,NULL,NULL,255,NULL,NULL,'\0',19,'credentialsNonExpired','boolean',NULL,'property',2,NULL,'\0',NULL,NULL,35,NULL,NULL,NULL,NULL,NULL,NULL,NULL,NULL,NULL,NULL,NULL,NULL,NULL,NULL,NULL,NULL,NULL,NULL,NULL,NULL),(444,'defaultRoleId',NULL,NULL,NULL,NULL,NULL,NULL,NULL,NULL,NULL,NULL,NULL,255,NULL,NULL,'',19,'defaultRbacRole','RbacRole',NULL,'ManyToOne',2,NULL,'\0',NULL,NULL,35,NULL,NULL,NULL,NULL,NULL,NULL,NULL,NULL,NULL,NULL,NULL,NULL,NULL,NULL,NULL,NULL,NULL,NULL,NULL,NULL),(445,'description',NULL,NULL,NULL,NULL,NULL,NULL,NULL,NULL,NULL,NULL,NULL,30,NULL,NULL,'',19,'description','string',NULL,'property',2,NULL,'\0',NULL,NULL,35,NULL,NULL,NULL,NULL,NULL,NULL,NULL,NULL,NULL,NULL,NULL,NULL,NULL,NULL,NULL,NULL,NULL,NULL,NULL,NULL),(446,'enabled',NULL,NULL,NULL,NULL,NULL,NULL,NULL,NULL,NULL,NULL,NULL,255,NULL,NULL,'\0',19,'enabled','boolean',NULL,'property',2,NULL,'\0',NULL,NULL,35,NULL,NULL,NULL,NULL,NULL,NULL,NULL,NULL,NULL,NULL,NULL,NULL,NULL,NULL,NULL,NULL,NULL,NULL,NULL,NULL),(447,'loginname',NULL,NULL,NULL,NULL,NULL,NULL,NULL,NULL,NULL,NULL,NULL,30,NULL,NULL,'\0',19,'loginname','string',NULL,'property',2,NULL,'',NULL,NULL,35,NULL,NULL,NULL,NULL,NULL,NULL,NULL,NULL,NULL,NULL,NULL,NULL,NULL,NULL,NULL,NULL,NULL,NULL,NULL,NULL),(448,'password',NULL,NULL,NULL,NULL,NULL,NULL,NULL,NULL,NULL,NULL,NULL,36,NULL,NULL,'',19,'password','string',NULL,'property',2,NULL,'\0',NULL,NULL,35,NULL,NULL,NULL,NULL,NULL,NULL,NULL,NULL,NULL,NULL,NULL,NULL,NULL,NULL,NULL,NULL,NULL,NULL,NULL,NULL),(449,NULL,NULL,NULL,NULL,NULL,NULL,NULL,NULL,NULL,NULL,NULL,NULL,NULL,NULL,NULL,NULL,NULL,'rbacGroupUsers','Set',NULL,'OneToMany',NULL,NULL,NULL,NULL,NULL,35,NULL,NULL,NULL,NULL,NULL,NULL,NULL,NULL,NULL,NULL,NULL,NULL,NULL,NULL,NULL,NULL,NULL,NULL,NULL,NULL),(450,'salt',NULL,NULL,NULL,NULL,NULL,NULL,NULL,NULL,NULL,NULL,NULL,36,NULL,NULL,'',19,'salt','string',NULL,'property',2,NULL,'\0',NULL,NULL,35,NULL,NULL,NULL,NULL,NULL,NULL,NULL,NULL,NULL,NULL,NULL,NULL,NULL,NULL,NULL,NULL,NULL,NULL,NULL,NULL),(451,NULL,NULL,NULL,NULL,NULL,NULL,NULL,NULL,NULL,NULL,NULL,NULL,NULL,NULL,NULL,NULL,NULL,'sysDepartmentUsers','Set',NULL,'OneToMany',NULL,NULL,NULL,NULL,NULL,35,NULL,NULL,NULL,NULL,NULL,NULL,NULL,NULL,NULL,NULL,NULL,NULL,NULL,NULL,NULL,NULL,NULL,NULL,NULL,NULL),(452,'rbac_role_id',NULL,NULL,NULL,NULL,NULL,NULL,NULL,NULL,NULL,NULL,NULL,255,NULL,NULL,'',19,'rbacRole','RbacRole',NULL,'ManyToOne',2,NULL,'\0',NULL,NULL,36,NULL,NULL,NULL,NULL,NULL,NULL,NULL,NULL,NULL,NULL,NULL,NULL,NULL,NULL,NULL,NULL,NULL,NULL,NULL,NULL),(453,'rbac_user_id',NULL,NULL,NULL,NULL,NULL,NULL,NULL,NULL,NULL,NULL,NULL,255,NULL,NULL,'',19,'rbacUser','RbacUser',NULL,'ManyToOne',2,NULL,'\0',NULL,NULL,36,NULL,NULL,NULL,NULL,NULL,NULL,NULL,NULL,NULL,NULL,NULL,NULL,NULL,NULL,NULL,NULL,NULL,NULL,NULL,NULL),(454,'rejected',NULL,NULL,NULL,NULL,NULL,NULL,NULL,NULL,NULL,NULL,NULL,255,NULL,NULL,'\0',19,'rejected','boolean',NULL,'property',2,NULL,'\0',NULL,NULL,36,NULL,NULL,NULL,NULL,NULL,NULL,NULL,NULL,NULL,NULL,NULL,NULL,NULL,NULL,NULL,NULL,NULL,NULL,NULL,NULL),(455,'code',NULL,NULL,NULL,NULL,NULL,NULL,NULL,NULL,NULL,NULL,NULL,40,NULL,NULL,'\0',19,'code','string',NULL,'property',2,NULL,'\0',NULL,NULL,37,NULL,NULL,NULL,NULL,NULL,NULL,NULL,NULL,NULL,NULL,NULL,NULL,NULL,NULL,NULL,NULL,NULL,NULL,NULL,NULL),(456,'description',NULL,NULL,NULL,NULL,NULL,NULL,NULL,NULL,NULL,NULL,NULL,60,NULL,NULL,'',19,'description','string',NULL,'property',2,NULL,'\0',NULL,NULL,37,NULL,NULL,NULL,NULL,NULL,NULL,NULL,NULL,NULL,NULL,NULL,NULL,NULL,NULL,NULL,NULL,NULL,NULL,NULL,NULL),(457,'enabled',NULL,NULL,NULL,NULL,NULL,NULL,NULL,NULL,NULL,NULL,NULL,255,NULL,NULL,'\0',19,'enabled','boolean',NULL,'property',2,NULL,'\0',NULL,NULL,37,NULL,NULL,NULL,NULL,NULL,NULL,NULL,NULL,NULL,NULL,NULL,NULL,NULL,NULL,NULL,NULL,NULL,NULL,NULL,NULL),(458,'name',NULL,NULL,NULL,NULL,NULL,NULL,NULL,NULL,NULL,NULL,NULL,40,NULL,NULL,'\0',19,'name','string',NULL,'property',2,NULL,'\0',NULL,NULL,37,NULL,NULL,NULL,NULL,NULL,NULL,NULL,NULL,NULL,NULL,NULL,NULL,NULL,NULL,NULL,NULL,NULL,NULL,NULL,NULL),(459,NULL,NULL,NULL,NULL,NULL,NULL,NULL,NULL,NULL,NULL,NULL,NULL,NULL,NULL,NULL,NULL,NULL,'rbacGroupRoles','Set',NULL,'OneToMany',NULL,NULL,NULL,NULL,NULL,37,NULL,NULL,NULL,NULL,NULL,NULL,NULL,NULL,NULL,NULL,NULL,NULL,NULL,NULL,NULL,NULL,NULL,NULL,NULL,NULL),(460,NULL,NULL,NULL,NULL,NULL,NULL,NULL,NULL,NULL,NULL,NULL,NULL,NULL,NULL,NULL,NULL,NULL,'rbacRolePermission','Set',NULL,'ManyToMany',NULL,NULL,NULL,NULL,NULL,37,NULL,NULL,NULL,NULL,NULL,NULL,NULL,NULL,NULL,NULL,NULL,NULL,NULL,NULL,NULL,NULL,NULL,NULL,NULL,NULL),(461,NULL,NULL,NULL,NULL,NULL,NULL,NULL,NULL,NULL,NULL,NULL,NULL,NULL,NULL,NULL,NULL,NULL,'sysDepartments','Set',NULL,'OneToMany',NULL,NULL,NULL,NULL,NULL,37,NULL,NULL,NULL,NULL,NULL,NULL,NULL,NULL,NULL,NULL,NULL,NULL,NULL,NULL,NULL,NULL,NULL,NULL,NULL,NULL),(462,'loginname',NULL,NULL,NULL,NULL,NULL,NULL,NULL,NULL,NULL,NULL,NULL,18,NULL,NULL,'',19,'ipAddress','string',NULL,'property',2,NULL,'\0',NULL,NULL,38,NULL,NULL,NULL,NULL,NULL,NULL,NULL,NULL,NULL,NULL,NULL,NULL,NULL,NULL,NULL,NULL,NULL,NULL,NULL,NULL),(463,'end_time',NULL,NULL,NULL,NULL,NULL,NULL,NULL,NULL,NULL,NULL,NULL,255,NULL,NULL,'',19,'loginTime','timestamp',NULL,'property',2,NULL,'\0',NULL,NULL,38,NULL,NULL,NULL,NULL,NULL,NULL,NULL,NULL,NULL,NULL,NULL,NULL,NULL,NULL,NULL,NULL,NULL,NULL,NULL,NULL),(464,'rbac_user_id',NULL,NULL,NULL,NULL,NULL,NULL,NULL,NULL,NULL,NULL,NULL,255,NULL,NULL,'',19,'rbacUser','RbacUser',NULL,'ManyToOne',2,NULL,'\0',NULL,NULL,38,NULL,NULL,NULL,NULL,NULL,NULL,NULL,NULL,NULL,NULL,NULL,NULL,NULL,NULL,NULL,NULL,NULL,NULL,NULL,NULL),(465,'rbac_user_id',NULL,NULL,NULL,NULL,NULL,NULL,NULL,NULL,NULL,NULL,NULL,255,NULL,NULL,'',19,'rbacUser','RbacUser',NULL,'ManyToOne',2,NULL,'\0',NULL,NULL,39,NULL,NULL,NULL,NULL,NULL,NULL,NULL,NULL,NULL,NULL,NULL,NULL,NULL,NULL,NULL,NULL,NULL,NULL,NULL,NULL),(466,'sys_department_id',NULL,NULL,NULL,NULL,NULL,NULL,NULL,NULL,NULL,NULL,NULL,255,NULL,NULL,'',19,'sysDepartment','SysDepartment',NULL,'ManyToOne',2,NULL,'\0',NULL,NULL,39,NULL,NULL,NULL,NULL,NULL,NULL,NULL,NULL,NULL,NULL,NULL,NULL,NULL,NULL,NULL,NULL,NULL,NULL,NULL,NULL),(467,NULL,NULL,NULL,NULL,NULL,NULL,NULL,NULL,NULL,NULL,NULL,NULL,NULL,NULL,NULL,NULL,NULL,'childRbacGroups','Set',NULL,'OneToMany',NULL,NULL,NULL,NULL,NULL,40,NULL,NULL,NULL,NULL,NULL,NULL,NULL,NULL,NULL,NULL,NULL,NULL,NULL,NULL,NULL,NULL,NULL,NULL,NULL,NULL),(468,'create_time',NULL,NULL,NULL,NULL,NULL,NULL,NULL,NULL,NULL,NULL,NULL,255,NULL,NULL,'',19,'createTime','timestamp',NULL,'property',2,NULL,'\0',NULL,NULL,40,NULL,NULL,NULL,NULL,NULL,NULL,NULL,NULL,NULL,NULL,NULL,NULL,NULL,NULL,NULL,NULL,NULL,NULL,NULL,NULL),(469,'creater',NULL,NULL,NULL,NULL,NULL,NULL,NULL,NULL,NULL,NULL,NULL,30,NULL,NULL,'',19,'creater','string',NULL,'property',2,NULL,'\0',NULL,NULL,40,NULL,NULL,NULL,NULL,NULL,NULL,NULL,NULL,NULL,NULL,NULL,NULL,NULL,NULL,NULL,NULL,NULL,NULL,NULL,NULL),(470,'description',NULL,NULL,NULL,NULL,NULL,NULL,NULL,NULL,NULL,NULL,NULL,60,NULL,NULL,'',19,'description','string',NULL,'property',2,NULL,'\0',NULL,NULL,40,NULL,NULL,NULL,NULL,NULL,NULL,NULL,NULL,NULL,NULL,NULL,NULL,NULL,NULL,NULL,NULL,NULL,NULL,NULL,NULL),(471,'enabled',NULL,NULL,NULL,NULL,NULL,NULL,NULL,NULL,NULL,NULL,NULL,255,NULL,NULL,'\0',19,'enabled','boolean',NULL,'property',2,NULL,'\0',NULL,NULL,40,NULL,NULL,NULL,NULL,NULL,NULL,NULL,NULL,NULL,NULL,NULL,NULL,NULL,NULL,NULL,NULL,NULL,NULL,NULL,NULL),(472,'name',NULL,NULL,NULL,NULL,NULL,NULL,NULL,NULL,NULL,NULL,NULL,30,NULL,NULL,'\0',19,'name','string',NULL,'property',2,NULL,'',NULL,NULL,40,NULL,NULL,NULL,NULL,NULL,NULL,NULL,NULL,NULL,NULL,NULL,NULL,NULL,NULL,NULL,NULL,NULL,NULL,NULL,NULL),(473,'parent_id',NULL,NULL,NULL,NULL,NULL,NULL,NULL,NULL,NULL,NULL,NULL,255,NULL,NULL,'',19,'parentRbacGroup','RbacGroup',NULL,'property',2,NULL,'\0',NULL,NULL,40,NULL,NULL,NULL,NULL,NULL,NULL,NULL,NULL,NULL,NULL,NULL,NULL,NULL,NULL,NULL,NULL,NULL,NULL,NULL,NULL),(474,NULL,NULL,NULL,NULL,NULL,NULL,NULL,NULL,NULL,NULL,NULL,NULL,NULL,NULL,NULL,NULL,NULL,'rbacGroupRoles','Set',NULL,'OneToMany',NULL,NULL,NULL,NULL,NULL,40,NULL,NULL,NULL,NULL,NULL,NULL,NULL,NULL,NULL,NULL,NULL,NULL,NULL,NULL,NULL,NULL,NULL,NULL,NULL,NULL),(475,NULL,NULL,NULL,NULL,NULL,NULL,NULL,NULL,NULL,NULL,NULL,NULL,NULL,NULL,NULL,NULL,NULL,'rbacGroupUsers','Set',NULL,'OneToMany',NULL,NULL,NULL,NULL,NULL,40,NULL,NULL,NULL,NULL,NULL,NULL,NULL,NULL,NULL,NULL,NULL,NULL,NULL,NULL,NULL,NULL,NULL,NULL,NULL,NULL),(476,'rbac_group_id',NULL,NULL,NULL,NULL,NULL,NULL,NULL,NULL,NULL,NULL,NULL,255,NULL,NULL,'',19,'rbacGroup','RbacGroup',NULL,'ManyToOne',2,NULL,'\0',NULL,NULL,41,NULL,NULL,NULL,NULL,NULL,NULL,NULL,NULL,NULL,NULL,NULL,NULL,NULL,NULL,NULL,NULL,NULL,NULL,NULL,NULL),(477,'rbac_role_id',NULL,NULL,NULL,NULL,NULL,NULL,NULL,NULL,NULL,NULL,NULL,255,NULL,NULL,'',19,'rbacRole','RbacRole',NULL,'ManyToOne',2,NULL,'\0',NULL,NULL,41,NULL,NULL,NULL,NULL,NULL,NULL,NULL,NULL,NULL,NULL,NULL,NULL,NULL,NULL,NULL,NULL,NULL,NULL,NULL,NULL),(478,'code',NULL,NULL,NULL,NULL,NULL,NULL,NULL,NULL,NULL,NULL,NULL,40,NULL,NULL,'\0',19,'code','string',NULL,'property',2,NULL,'\0',NULL,NULL,42,NULL,NULL,NULL,NULL,NULL,NULL,NULL,NULL,NULL,NULL,NULL,NULL,NULL,NULL,NULL,NULL,NULL,NULL,NULL,NULL),(479,'description',NULL,NULL,NULL,NULL,NULL,NULL,NULL,NULL,NULL,NULL,NULL,60,NULL,NULL,'',19,'description','string',NULL,'property',2,NULL,'\0',NULL,NULL,42,NULL,NULL,NULL,NULL,NULL,NULL,NULL,NULL,NULL,NULL,NULL,NULL,NULL,NULL,NULL,NULL,NULL,NULL,NULL,NULL),(480,'enabled',NULL,NULL,NULL,NULL,NULL,NULL,NULL,NULL,NULL,NULL,NULL,255,NULL,NULL,'\0',19,'enabled','boolean',NULL,'property',2,NULL,'\0',NULL,NULL,42,NULL,NULL,NULL,NULL,NULL,NULL,NULL,NULL,NULL,NULL,NULL,NULL,NULL,NULL,NULL,NULL,NULL,NULL,NULL,NULL),(481,'name',NULL,NULL,NULL,NULL,NULL,NULL,NULL,NULL,NULL,NULL,NULL,40,NULL,NULL,'\0',19,'name','string',NULL,'property',2,NULL,'\0',NULL,NULL,42,NULL,NULL,NULL,NULL,NULL,NULL,NULL,NULL,NULL,NULL,NULL,NULL,NULL,NULL,NULL,NULL,NULL,NULL,NULL,NULL),(482,'resource_id',NULL,NULL,NULL,NULL,NULL,NULL,NULL,NULL,NULL,NULL,NULL,255,NULL,NULL,'',19,'rbacResource','RbacResource',NULL,'ManyToOne',2,NULL,'\0',NULL,NULL,42,NULL,NULL,NULL,NULL,NULL,NULL,NULL,NULL,NULL,NULL,NULL,NULL,NULL,NULL,NULL,NULL,NULL,NULL,NULL,NULL),(483,NULL,NULL,NULL,NULL,NULL,NULL,NULL,NULL,NULL,NULL,NULL,NULL,NULL,NULL,NULL,NULL,NULL,'rbacRoles','Set',NULL,'ManyToMany',NULL,NULL,NULL,NULL,NULL,42,NULL,NULL,NULL,NULL,NULL,NULL,NULL,NULL,NULL,NULL,NULL,NULL,NULL,NULL,NULL,NULL,NULL,NULL,NULL,NULL),(484,'type',NULL,NULL,NULL,NULL,NULL,NULL,NULL,NULL,NULL,NULL,NULL,1,NULL,NULL,'\0',19,'type','string',NULL,'property',2,NULL,'\0',NULL,NULL,42,NULL,NULL,NULL,NULL,NULL,NULL,NULL,NULL,NULL,NULL,NULL,NULL,NULL,NULL,NULL,NULL,NULL,NULL,NULL,NULL),(485,'url',NULL,NULL,NULL,NULL,NULL,NULL,NULL,NULL,NULL,NULL,NULL,255,NULL,NULL,'\0',19,'url','string',NULL,'property',2,NULL,'\0',NULL,NULL,42,NULL,NULL,NULL,NULL,NULL,NULL,NULL,NULL,NULL,NULL,NULL,NULL,NULL,NULL,NULL,NULL,NULL,NULL,NULL,NULL),(486,NULL,NULL,NULL,NULL,NULL,NULL,NULL,NULL,NULL,NULL,NULL,NULL,NULL,NULL,NULL,NULL,NULL,'childRbacMenus','Set',NULL,'OneToMany',NULL,NULL,NULL,NULL,NULL,43,NULL,NULL,NULL,NULL,NULL,NULL,NULL,NULL,NULL,NULL,NULL,NULL,NULL,NULL,NULL,NULL,NULL,NULL,NULL,NULL),(487,'description',NULL,NULL,NULL,NULL,NULL,NULL,NULL,NULL,NULL,NULL,NULL,60,NULL,NULL,'',19,'description','string',NULL,'property',2,NULL,'\0',NULL,NULL,43,NULL,NULL,NULL,NULL,NULL,NULL,NULL,NULL,NULL,NULL,NULL,NULL,NULL,NULL,NULL,NULL,NULL,NULL,NULL,NULL),(488,'dis_index',NULL,NULL,NULL,NULL,NULL,NULL,NULL,NULL,NULL,NULL,NULL,255,NULL,NULL,'',19,'disIndex','integer',NULL,'property',2,NULL,'\0',NULL,NULL,43,NULL,NULL,NULL,NULL,NULL,NULL,NULL,NULL,NULL,NULL,NULL,NULL,NULL,NULL,NULL,NULL,NULL,NULL,NULL,NULL),(489,'display',NULL,NULL,NULL,NULL,NULL,NULL,NULL,NULL,NULL,NULL,NULL,40,NULL,NULL,'\0',19,'display','string',NULL,'property',2,NULL,'\0',NULL,NULL,43,NULL,NULL,NULL,NULL,NULL,NULL,NULL,NULL,NULL,NULL,NULL,NULL,NULL,NULL,NULL,NULL,NULL,NULL,NULL,NULL),(490,'iconCls',NULL,NULL,NULL,NULL,NULL,NULL,NULL,NULL,NULL,NULL,NULL,40,NULL,NULL,'\0',19,'iconCls','string',NULL,'property',2,NULL,'\0',NULL,NULL,43,NULL,NULL,NULL,NULL,NULL,NULL,NULL,NULL,NULL,NULL,NULL,NULL,NULL,NULL,NULL,NULL,NULL,NULL,NULL,NULL),(491,'parent_id',NULL,NULL,NULL,NULL,NULL,NULL,NULL,NULL,NULL,NULL,NULL,255,NULL,NULL,'',19,'parentRbacMenu','RbacMenu',NULL,'ManyToOne',2,NULL,'\0',NULL,NULL,43,NULL,NULL,NULL,NULL,NULL,NULL,NULL,NULL,NULL,NULL,NULL,NULL,NULL,NULL,NULL,NULL,NULL,NULL,NULL,NULL),(492,'module_id',NULL,NULL,NULL,NULL,NULL,NULL,NULL,NULL,NULL,NULL,NULL,255,NULL,NULL,'',19,'rbacModule','RbacModule',NULL,'ManyToOne',2,NULL,'\0',NULL,NULL,43,NULL,NULL,NULL,NULL,NULL,NULL,NULL,NULL,NULL,NULL,NULL,NULL,NULL,NULL,NULL,NULL,NULL,NULL,NULL,NULL),(493,'permission_id',NULL,NULL,NULL,NULL,NULL,NULL,NULL,NULL,NULL,NULL,NULL,255,NULL,NULL,'',19,'rbacPermission','RbacPermission',NULL,'ManyToOne',2,NULL,'\0',NULL,NULL,43,NULL,NULL,NULL,NULL,NULL,NULL,NULL,NULL,NULL,NULL,NULL,NULL,NULL,NULL,NULL,NULL,NULL,NULL,NULL,NULL),(494,'tab_title',NULL,NULL,NULL,NULL,NULL,NULL,NULL,NULL,NULL,NULL,NULL,40,NULL,NULL,'',19,'tabTitle','string',NULL,'property',2,NULL,'\0',NULL,NULL,43,NULL,NULL,NULL,NULL,NULL,NULL,NULL,NULL,NULL,NULL,NULL,NULL,NULL,NULL,NULL,NULL,NULL,NULL,NULL,NULL),(495,'type',NULL,NULL,NULL,NULL,NULL,NULL,NULL,NULL,NULL,NULL,NULL,1,NULL,NULL,'',19,'type','string',NULL,'property',2,NULL,'\0',NULL,NULL,43,NULL,NULL,NULL,NULL,NULL,NULL,NULL,NULL,NULL,NULL,NULL,NULL,NULL,NULL,NULL,NULL,NULL,NULL,NULL,NULL),(496,'rbac_group_id',NULL,NULL,NULL,NULL,NULL,NULL,NULL,NULL,NULL,NULL,NULL,255,NULL,NULL,'',19,'rbacGroup','RbacGroup',NULL,'ManyToOne',2,NULL,'\0',NULL,NULL,44,NULL,NULL,NULL,NULL,NULL,NULL,NULL,NULL,NULL,NULL,NULL,NULL,NULL,NULL,NULL,NULL,NULL,NULL,NULL,NULL),(497,'rbac_user_id',NULL,NULL,NULL,NULL,NULL,NULL,NULL,NULL,NULL,NULL,NULL,255,NULL,NULL,'',19,'rbacUser','RbacUser',NULL,'ManyToOne',2,NULL,'\0',NULL,NULL,44,NULL,NULL,NULL,NULL,NULL,NULL,NULL,NULL,NULL,NULL,NULL,NULL,NULL,NULL,NULL,NULL,NULL,NULL,NULL,NULL),(498,NULL,NULL,NULL,NULL,NULL,NULL,NULL,NULL,NULL,NULL,NULL,NULL,NULL,NULL,NULL,NULL,NULL,'SysDepartRoles','Set',NULL,'OneToMany',NULL,NULL,NULL,NULL,NULL,45,NULL,NULL,NULL,NULL,NULL,NULL,NULL,NULL,NULL,NULL,NULL,NULL,NULL,NULL,NULL,NULL,NULL,NULL,NULL,NULL),(499,NULL,NULL,NULL,NULL,NULL,NULL,NULL,NULL,NULL,NULL,NULL,NULL,NULL,NULL,NULL,NULL,NULL,'childSysDepartments','Set',NULL,'OneToMany',NULL,NULL,NULL,NULL,NULL,45,NULL,NULL,NULL,NULL,NULL,NULL,NULL,NULL,NULL,NULL,NULL,NULL,NULL,NULL,NULL,NULL,NULL,NULL,NULL,NULL),(500,'create_time',NULL,NULL,NULL,NULL,NULL,NULL,NULL,NULL,NULL,NULL,NULL,255,NULL,NULL,'',19,'createTime','timestamp',NULL,'property',2,NULL,'\0',NULL,NULL,45,NULL,NULL,NULL,NULL,NULL,NULL,NULL,NULL,NULL,NULL,NULL,NULL,NULL,NULL,NULL,NULL,NULL,NULL,NULL,NULL),(501,'creater',NULL,NULL,NULL,NULL,NULL,NULL,NULL,NULL,NULL,NULL,NULL,30,NULL,NULL,'',19,'creater','string',NULL,'property',2,NULL,'\0',NULL,NULL,45,NULL,NULL,NULL,NULL,NULL,NULL,NULL,NULL,NULL,NULL,NULL,NULL,NULL,NULL,NULL,NULL,NULL,NULL,NULL,NULL),(502,'description',NULL,NULL,NULL,NULL,NULL,NULL,NULL,NULL,NULL,NULL,NULL,60,NULL,NULL,'',19,'description','string',NULL,'property',2,NULL,'\0',NULL,NULL,45,NULL,NULL,NULL,NULL,NULL,NULL,NULL,NULL,NULL,NULL,NULL,NULL,NULL,NULL,NULL,NULL,NULL,NULL,NULL,NULL),(503,'enabled',NULL,NULL,NULL,NULL,NULL,NULL,NULL,NULL,NULL,NULL,NULL,255,NULL,NULL,'\0',19,'enabled','boolean',NULL,'property',2,NULL,'\0',NULL,NULL,45,NULL,NULL,NULL,NULL,NULL,NULL,NULL,NULL,NULL,NULL,NULL,NULL,NULL,NULL,NULL,NULL,NULL,NULL,NULL,NULL),(504,'name',NULL,NULL,NULL,NULL,NULL,NULL,NULL,NULL,NULL,NULL,NULL,30,NULL,NULL,'\0',19,'name','string',NULL,'property',2,NULL,'',NULL,NULL,45,NULL,NULL,NULL,NULL,NULL,NULL,NULL,NULL,NULL,NULL,NULL,NULL,NULL,NULL,NULL,NULL,NULL,NULL,NULL,NULL),(505,'parent_id',NULL,NULL,NULL,NULL,NULL,NULL,NULL,NULL,NULL,NULL,NULL,255,NULL,NULL,'',19,'parentSysDepartment','SysDepartment',NULL,'property',2,NULL,'\0',NULL,NULL,45,NULL,NULL,NULL,NULL,NULL,NULL,NULL,NULL,NULL,NULL,NULL,NULL,NULL,NULL,NULL,NULL,NULL,NULL,NULL,NULL),(506,NULL,NULL,NULL,NULL,NULL,NULL,NULL,NULL,NULL,NULL,NULL,NULL,NULL,NULL,NULL,NULL,NULL,'sysDepartUsers','Set',NULL,'OneToMany',NULL,NULL,NULL,NULL,NULL,45,NULL,NULL,NULL,NULL,NULL,NULL,NULL,NULL,NULL,NULL,NULL,NULL,NULL,NULL,NULL,NULL,NULL,NULL,NULL,NULL),(507,'rbac_menu_id',NULL,NULL,NULL,NULL,NULL,NULL,NULL,NULL,NULL,NULL,NULL,255,NULL,NULL,'',19,'rbacMenu','RbacMenu',NULL,'ManyToOne',2,NULL,'\0',NULL,NULL,46,NULL,NULL,NULL,NULL,NULL,NULL,NULL,NULL,NULL,NULL,NULL,NULL,NULL,NULL,NULL,NULL,NULL,NULL,NULL,NULL),(508,'rbac_module_id',NULL,NULL,NULL,NULL,NULL,NULL,NULL,NULL,NULL,NULL,NULL,255,NULL,NULL,'',19,'rbacModule','RbacModule',NULL,'ManyToOne',2,NULL,'\0',NULL,NULL,46,NULL,NULL,NULL,NULL,NULL,NULL,NULL,NULL,NULL,NULL,NULL,NULL,NULL,NULL,NULL,NULL,NULL,NULL,NULL,NULL),(509,'rbac_rbacPermission_id',NULL,NULL,NULL,NULL,NULL,NULL,NULL,NULL,NULL,NULL,NULL,255,NULL,NULL,'',19,'rbacPermission','RbacPermission',NULL,'ManyToOne',2,NULL,'\0',NULL,NULL,47,NULL,NULL,NULL,NULL,NULL,NULL,NULL,NULL,NULL,NULL,NULL,NULL,NULL,NULL,NULL,NULL,NULL,NULL,NULL,NULL),(510,'rbac_user_id',NULL,NULL,NULL,NULL,NULL,NULL,NULL,NULL,NULL,NULL,NULL,255,NULL,NULL,'',19,'rbacUser','RbacUser',NULL,'ManyToOne',2,NULL,'\0',NULL,NULL,47,NULL,NULL,NULL,NULL,NULL,NULL,NULL,NULL,NULL,NULL,NULL,NULL,NULL,NULL,NULL,NULL,NULL,NULL,NULL,NULL),(511,'userName',NULL,NULL,NULL,NULL,NULL,NULL,NULL,NULL,NULL,NULL,NULL,30,NULL,NULL,'\0',19,'userName','string',NULL,'property',2,NULL,'',NULL,NULL,35,NULL,NULL,NULL,NULL,NULL,NULL,NULL,NULL,NULL,NULL,NULL,NULL,NULL,NULL,NULL,NULL,NULL,NULL,NULL,NULL),(512,'rbac_rbacPermission_id',NULL,NULL,NULL,NULL,NULL,NULL,NULL,NULL,NULL,NULL,NULL,255,NULL,NULL,'',19,'rbacPermission','RbacPermission',NULL,'ManyToOne',2,NULL,'\0',NULL,NULL,48,NULL,NULL,NULL,NULL,NULL,NULL,NULL,NULL,NULL,NULL,NULL,NULL,NULL,NULL,NULL,NULL,NULL,NULL,NULL,NULL),(513,'rbac_user_id',NULL,NULL,NULL,NULL,NULL,NULL,NULL,NULL,NULL,NULL,NULL,255,NULL,NULL,'',19,'rbacUser','RbacUser',NULL,'ManyToOne',2,NULL,'\0',NULL,NULL,48,NULL,NULL,NULL,NULL,NULL,NULL,NULL,NULL,NULL,NULL,NULL,NULL,NULL,NULL,NULL,NULL,NULL,NULL,NULL,NULL),(514,'permission_id',NULL,NULL,NULL,NULL,NULL,NULL,NULL,NULL,NULL,NULL,NULL,255,NULL,NULL,'',19,'rbacPermission','RbacPermission',NULL,'ManyToOne',2,NULL,'\0',NULL,NULL,49,NULL,NULL,NULL,NULL,NULL,NULL,NULL,NULL,NULL,NULL,NULL,NULL,NULL,NULL,NULL,NULL,NULL,NULL,NULL,NULL),(515,'role_id',NULL,NULL,NULL,NULL,NULL,NULL,NULL,NULL,NULL,NULL,NULL,255,NULL,NULL,'',19,'rbacRole','RbacRole',NULL,'ManyToOne',2,NULL,'\0',NULL,NULL,49,NULL,NULL,NULL,NULL,NULL,NULL,NULL,NULL,NULL,NULL,NULL,NULL,NULL,NULL,NULL,NULL,NULL,NULL,NULL,NULL),(516,NULL,NULL,NULL,NULL,NULL,NULL,NULL,NULL,NULL,NULL,NULL,NULL,NULL,NULL,NULL,NULL,NULL,'rbacRolePermissions','Set',NULL,'OneToMany',NULL,NULL,NULL,NULL,NULL,37,NULL,NULL,NULL,NULL,NULL,NULL,NULL,NULL,NULL,NULL,NULL,NULL,NULL,NULL,NULL,NULL,NULL,NULL,NULL,NULL),(517,NULL,NULL,NULL,NULL,NULL,NULL,NULL,NULL,NULL,NULL,NULL,NULL,NULL,NULL,NULL,NULL,NULL,'rbacRolePermissions','Set',NULL,'OneToMany',NULL,NULL,NULL,NULL,NULL,42,NULL,NULL,NULL,NULL,NULL,NULL,NULL,NULL,NULL,NULL,NULL,NULL,NULL,NULL,NULL,NULL,NULL,NULL,NULL,NULL),(518,NULL,NULL,NULL,NULL,NULL,NULL,NULL,NULL,NULL,NULL,NULL,NULL,NULL,NULL,NULL,NULL,NULL,'rbacUserPermissions','Set',NULL,'OneToMany',NULL,NULL,NULL,NULL,NULL,42,NULL,NULL,NULL,NULL,NULL,NULL,NULL,NULL,NULL,NULL,NULL,NULL,NULL,NULL,NULL,NULL,NULL,NULL,NULL,NULL);

/*Table structure for table `zht_gen_entity` */

DROP TABLE IF EXISTS `zht_gen_entity`;

CREATE TABLE `zht_gen_entity` (
  `id` bigint(20) NOT NULL AUTO_INCREMENT,
  `create_time` datetime DEFAULT NULL,
  `controllerNameSpace` varchar(60) DEFAULT NULL,
  `gen_info` varchar(60) DEFAULT NULL,
  `isTree` bit(1) DEFAULT NULL,
  `last_modify_time` datetime DEFAULT NULL,
  `module_name` varchar(60) DEFAULT NULL,
  `name` varchar(100) NOT NULL,
  `remark` varchar(60) DEFAULT NULL,
  `version` varchar(10) DEFAULT NULL,
  `entityDisName` varchar(60) DEFAULT NULL,
  `tableName` varchar(60) DEFAULT NULL,
  PRIMARY KEY (`id`)
) ENGINE=InnoDB AUTO_INCREMENT=50 DEFAULT CHARSET=utf8;

/*Data for the table `zht_gen_entity` */

insert  into `zht_gen_entity`(`id`,`create_time`,`controllerNameSpace`,`gen_info`,`isTree`,`last_modify_time`,`module_name`,`name`,`remark`,`version`,`entityDisName`,`tableName`) values (1,'2015-02-03 09:24:22',NULL,NULL,NULL,'2015-02-03 09:24:22',NULL,'com.zht.common.rabc.easyui.model.RbacModule',NULL,'v0.0',NULL,NULL),(2,'2015-02-03 09:24:22',NULL,NULL,NULL,'2015-02-03 09:24:22',NULL,'com.zht.common.demo.model.DemoUser',NULL,'v0.0',NULL,NULL),(3,'2015-02-03 09:24:22',NULL,NULL,NULL,'2015-02-03 09:24:22',NULL,'com.zht.common.demo.model.DemoUser2',NULL,'v0.0',NULL,NULL),(4,'2015-02-03 09:24:22',NULL,NULL,NULL,'2015-02-03 09:24:22',NULL,'com.zht.common.rabc.easyui.model.RbacMenu',NULL,'v0.0',NULL,NULL),(5,'2015-02-03 09:24:22',NULL,NULL,NULL,'2015-02-03 09:24:22',NULL,'com.zht.common.rabc.easyui.model.RbacResource',NULL,'v0.0',NULL,NULL),(6,'2015-02-03 09:24:22','/common/rbac/sysDepartment','','','2015-02-03 09:24:22',NULL,'com.zht.common.rabc.easyui.model.SysDepartment','','v0.0','部门',NULL),(7,'2015-02-03 09:24:22',NULL,NULL,NULL,'2015-02-03 09:24:22',NULL,'com.zht.common.rabc.easyui.model.RbacRole',NULL,'v0.0',NULL,NULL),(8,'2015-02-03 09:24:22',NULL,NULL,NULL,'2015-02-03 09:24:22',NULL,'com.zht.common.rabc.easyui.model.RbacPermission',NULL,'v0.0',NULL,NULL),(9,'2015-02-03 09:24:22',NULL,NULL,NULL,'2015-02-03 09:24:22',NULL,'com.zht.common.rabc.easyui.model.SysDepartmentRole',NULL,'v0.0',NULL,NULL),(10,'2015-02-03 09:24:22',NULL,NULL,NULL,'2015-02-03 09:24:22',NULL,'com.zht.common.rabc.easyui.model.RbacGroup',NULL,'v0.0',NULL,NULL),(11,'2015-02-03 09:24:22',NULL,NULL,NULL,'2015-02-03 09:24:22',NULL,'com.zht.common.rabc.easyui.model.RbacGroupRole',NULL,'v0.0',NULL,NULL),(12,'2015-02-03 09:24:22',NULL,NULL,NULL,'2015-02-03 09:24:22',NULL,'com.zht.common.rabc.easyui.model.RbacUserSession',NULL,'v0.0',NULL,NULL),(13,'2015-02-03 09:24:22',NULL,NULL,NULL,'2015-02-03 09:24:22',NULL,'com.zht.common.rabc.easyui.model.RbacUserRoleReject',NULL,'v0.0',NULL,NULL),(14,'2015-02-03 09:24:22',NULL,NULL,NULL,'2015-02-03 09:24:22',NULL,'com.zht.project.user.model.User',NULL,'v0.0',NULL,NULL),(15,'2015-02-03 09:24:22',NULL,NULL,NULL,'2015-02-03 09:24:22',NULL,'com.zht.common.generator.model.GenEntityDetail',NULL,'v0.0',NULL,NULL),(16,'2015-02-03 09:24:22',NULL,NULL,NULL,'2015-02-03 09:24:22',NULL,'com.zht.common.rabc.easyui.model.RbacUser',NULL,'v0.0',NULL,NULL),(17,'2015-02-03 09:24:22',NULL,NULL,NULL,'2015-02-03 09:24:22',NULL,'com.zht.common.rabc.easyui.model.RbacGroupUser',NULL,'v0.0',NULL,NULL),(18,'2015-02-03 09:24:22',NULL,NULL,NULL,'2015-02-03 09:24:22',NULL,'com.zht.common.rabc.easyui.model.InfoPersoninfo',NULL,'v0.0',NULL,NULL),(19,'2015-02-03 09:24:22',NULL,NULL,NULL,'2015-02-03 09:24:22',NULL,'com.zht.common.rabc.easyui.model.RbacUserRole',NULL,'v0.0',NULL,NULL),(20,'2015-02-03 09:24:22',NULL,NULL,NULL,'2015-02-03 09:24:22',NULL,'com.zht.common.rabc.easyui.model.SysDepartmentUser',NULL,'v0.0',NULL,NULL),(21,'2015-02-03 09:24:22',NULL,NULL,NULL,'2015-02-03 09:24:22',NULL,'com.zht.project.demo.model.GenDemo',NULL,'v0.0',NULL,NULL),(22,'2015-02-03 09:24:22',NULL,NULL,NULL,'2015-02-03 09:24:22',NULL,'com.zht.common.generator.model.GenEntity',NULL,'v0.0',NULL,NULL),(24,'2015-02-06 09:42:24','/common/test/model/User',NULL,'\0',NULL,NULL,'com.zht.common.test.model.User','测试用户',NULL,'测试用户','test_user'),(25,'2015-02-06 11:07:21',NULL,NULL,NULL,'2015-02-06 11:07:21',NULL,'com.zht.common.generator.model.GenEntityProperty',NULL,'v0.0',NULL,NULL),(26,NULL,'common/test/demoentity','','\0','2015-03-03 14:07:48',NULL,'com.zht.project.test.model.DemoEntity',' 测试实体','',' 测试实体','z_demo_entiry'),(27,NULL,'common/test/demoeTree',NULL,'','2015-03-04 15:20:44',NULL,'com.zht.projeect.test.model.TreeDemoEntiry','',NULL,'树形DEMO','z_tree_demo_entiry'),(28,NULL,'common/test/maytomany',NULL,'\0','2015-03-05 09:47:59',NULL,'com.zht.project.model.MayToMayMaster','',NULL,'多对多主控A','MayToMayMaster'),(29,NULL,'common/test/maytomay',NULL,'\0','2015-03-05 09:49:14',NULL,'com.zht.project.model.MayToMaySlaver','',NULL,'多对多从B','MayToMaySlaver'),(30,'2015-03-17 09:47:50',NULL,NULL,NULL,'2015-03-17 09:47:50',NULL,'com.zht.common.rabc.model.InfoPersoninfo',NULL,'v0.0',NULL,NULL),(31,'2015-03-17 09:47:50',NULL,NULL,NULL,'2015-03-17 09:47:50',NULL,'com.zht.common.rabc.model.RbacResource',NULL,'v0.0',NULL,NULL),(32,'2015-03-17 09:47:50',NULL,NULL,NULL,'2015-03-17 09:47:50',NULL,'com.zht.common.rabc.model.RbacUserRoleReject',NULL,'v0.0',NULL,NULL),(33,'2015-03-17 09:47:50',NULL,NULL,NULL,'2015-03-17 09:47:50',NULL,'com.zht.common.rabc.model.SysDepartmentRole',NULL,'v0.0',NULL,NULL),(34,'2015-03-17 09:47:50',NULL,NULL,NULL,'2015-03-17 09:47:50',NULL,'com.zht.common.rabc.model.RbacModule',NULL,'v0.0',NULL,NULL),(35,'2015-03-17 09:47:50',NULL,NULL,NULL,'2015-03-17 09:47:50',NULL,'com.zht.common.rabc.model.RbacUser',NULL,'v0.0',NULL,NULL),(36,'2015-03-17 09:47:50',NULL,NULL,NULL,'2015-03-17 09:47:50',NULL,'com.zht.common.rabc.model.RbacUserRole',NULL,'v0.0',NULL,NULL),(37,'2015-03-17 09:47:50',NULL,NULL,NULL,'2015-03-17 09:47:50',NULL,'com.zht.common.rabc.model.RbacRole',NULL,'v0.0',NULL,NULL),(38,'2015-03-17 09:47:50',NULL,NULL,NULL,'2015-03-17 09:47:50',NULL,'com.zht.common.rabc.model.RbacUserSession',NULL,'v0.0',NULL,NULL),(39,'2015-03-17 09:47:50',NULL,NULL,NULL,'2015-03-17 09:47:50',NULL,'com.zht.common.rabc.model.SysDepartmentUser',NULL,'v0.0',NULL,NULL),(40,'2015-03-17 09:47:50',NULL,NULL,NULL,'2015-03-17 09:47:50',NULL,'com.zht.common.rabc.model.RbacGroup',NULL,'v0.0',NULL,NULL),(41,'2015-03-17 09:47:50',NULL,NULL,NULL,'2015-03-17 09:47:50',NULL,'com.zht.common.rabc.model.RbacGroupRole',NULL,'v0.0',NULL,NULL),(42,'2015-03-17 09:47:50',NULL,NULL,NULL,'2015-03-17 09:47:50',NULL,'com.zht.common.rabc.model.RbacPermission',NULL,'v0.0',NULL,NULL),(43,'2015-03-17 09:47:50',NULL,NULL,NULL,'2015-03-17 09:47:50',NULL,'com.zht.common.rabc.model.RbacMenu',NULL,'v0.0',NULL,NULL),(44,'2015-03-17 09:47:50',NULL,NULL,NULL,'2015-03-17 09:47:50',NULL,'com.zht.common.rabc.model.RbacGroupUser',NULL,'v0.0',NULL,NULL),(45,'2015-03-17 09:47:50',NULL,NULL,NULL,'2015-03-17 09:47:50',NULL,'com.zht.common.rabc.model.SysDepartment',NULL,'v0.0',NULL,NULL),(46,'2015-03-18 09:32:34',NULL,NULL,NULL,'2015-03-18 09:32:34',NULL,'com.zht.common.rabc.model.RbacModuleMenu',NULL,'v0.0',NULL,NULL),(47,'2015-04-01 11:26:24',NULL,NULL,NULL,'2015-04-01 11:26:24',NULL,'com.zht.common.rabc.model.RbacUserPermission',NULL,'v0.0',NULL,NULL),(48,'2015-04-01 11:26:24',NULL,NULL,NULL,'2015-04-01 11:26:24',NULL,'com.zht.common.rabc.model.RbacUserPermissionReject',NULL,'v0.0',NULL,NULL),(49,'2015-04-01 15:35:24',NULL,NULL,NULL,'2015-04-01 15:35:24',NULL,'com.zht.common.rabc.model.RbacRolePermission',NULL,'v0.0',NULL,NULL);

/*!40101 SET SQL_MODE=@OLD_SQL_MODE */;
/*!40014 SET FOREIGN_KEY_CHECKS=@OLD_FOREIGN_KEY_CHECKS */;
/*!40014 SET UNIQUE_CHECKS=@OLD_UNIQUE_CHECKS */;
/*!40111 SET SQL_NOTES=@OLD_SQL_NOTES */;
